Accepted.Name,mean.m1.length,mean.m1.width,overall.n.sampled.m1.length,overall.n.sampled.m1.width,measured.m1,ref,notes,Uncertain,alt.body.mass,continent
Brachyzostrodon coupatezi,,,,,,"D. Sigogneau-Russell. 1983. Nouveaux taxons de mammifères rhétiens [New taxa of Rhaetian mammals]. Second Symposium on Mesozoic Terrestrial Ecosystems, Jadwisin 1981. Acta Palaeontologica Polonica 28(1-2):233-249","SNP 100, a tooth (lower tight (?) molar).",,,
Brachyzostrodon maior,,,,,,"G. Hahn, D. Signogneau-Russell, and P. Godefroit. 1991. New data on Brachyzostrodon (Mammalia; Upper Triassic). Geologica et Palaeontologica 25:237-249","RAS 1020W, a tooth (right lower molar)",,,
Eozostrodon parvus,,,,,,"MOLAR OCCLUSION IN LATE TRIASSIC MAMMALS
BY A. W. CROMPTON. 1968",perhaps upper teeth,,,
Fluctuodon necmergor,,,,,,unknown lower teeth,,,,
Gondwanadon tapani,,,,,,,broken isolated tooth,,,
Hallautherium schalchi,,,,,,W. A. Clemens. 1980. Rhaeto-Liassic mammals from Switzerland and West Germany. Zitteliana 5:51-92,unknown molars,,,
Haramiyavia clemmenseni,2.515,1.45,,,,"Jenkins, F. A., Gatesy, S. M., Shubin, N. H., & Amaral, W. W. (1997). Haramiyids and Triassic mammalian evolution. Nature, 385(6618), 715–718. doi:10.1038/385715a0 ",Taken directly from graph. Paper also suggests uncertainty of width,Y,,
Helvetiodon schutzi,,,,,,,upper molar,,,
Kuehneotherium praecursoris,,,,,,"Doris M. Kermack; K. A. Kermack; Frances Mussett (1968). The Welsh pantothere <em>Kuehneotherium praecursoris</em>. , 47(312), 407–423. doi:10.1111/j.1096-3642.1968.tb00519.x ","Type specimen M. 19163. A left upper molariform tooth. s. Specimen C. 867. A left upper molariform tooth. Specimen M. 19166. A lower left molariform tooth. Specimen C. 855. A left lower molariform tooth. Specimen C. 858. A lower left molariform tooth. Specimen C853. A premolariform tooth resembling
Eozontrodon paraa. Spcci~nens C. 859, 860, 861 and 86%. Premolariform teeth. Specimen C. 863. A fragment of the anterior part of
a dentary, showing a canine alveolus, four succeeding alveoli for premolariform teeth, with
undivided or incompletely divided roots and the succeeding paired alveoli for teeth with
fully divided roots. Sperinien C. 864. A fragment, of a dentary, showing
t,he trough for t,he accessory jaw hones lying vent>ral to t,he proniinent ridge from which was
suspended the surangular. The facet for the coronoicl bone should be noted. A photograpli of
this specimen is in IZerinack (1965, p. 5). Specimen C. 865. The posterior portion of a
dentary showing the low coronoid process and the abraded and broken condyle. ",,,
Kuehneotherium stanislavi,1.06,0.42,,,,"The Kuehneotheriidae (Mammaliaformes)
from Saint-Nicolas-de-Port (Upper Triassic, France):
a Systematic Review 2016. Maxime Debuysschere",m1?,Y,,
Microlestes rhaeticus,,,,,,W. B. Dawkins. 1864. On the Rhaetic beds and White Lias of western and central Somerset; and on the discovery of a new fossil mammal in the grey marlstones below the bone-bed. Quarterly Journal of the Geological Society 20:396-412,"lost, a tooth.",,,
Thomasia antiqua,,,,,,W. H. Plieninger. 1847. Zahne aus der oberen Grenzbreccie des Keupers bei Degerloch und Steinenbronn. Jahreshefte des Vereins für Vaterländische Naturkunde in Württemberg 3:164-167,molars,,,
Thomasia hahni,,,,,,"P. M. Butler and G. T. Macintyre. 1994. Review of the British Haramiyidae (? Mammalia, Allotheria), their molar occlusion and relationships. Philosophical Transactions: Biological Sciences 345(1314):433-458",lower molar,,,
Thomasia moorei,,,,,,R. Owen. 1871. Monograph of the fossil Mammalia of the Mesozoic formations. 24(110):vi-115,no m1,,,
Thomasia woutersi,,,,,,"Review of the British Haramiyidae (? Mammalia, Allotheria), their molar occlusion and relationships. PM Butler. 1994.",no m1,,,
Tikitherium copei,,,,,,,one left upper molar,,,
Tricuspes sigogneauae,,,,,,,upper teeth?,,,
Tricuspes tapeinodon,,,,,,,unknown molars,,,
Tricuspes tuebingensis,,,,,,,cant find paper,,,
Woutersia butleri,,,,,,,unknown teeth,,,
Woutersia mirabilis,,,,,,,unknown teeth,,,
Agilodocodon scansorius,1.873,0.884,,,,,,,,
Amblotherium gracilis,,,,,,,,,,
Ambondro mahabo,1.948453608,0.958762887,1,,Y IMAGE,"Wyss, André R.; Flynn, John J.; Parrish, J. Michael; Rakotosamimanana, Berthe; Simpson, William F. (1999). . Nature, 401(6748), 57–60. doi:10.1038/43420 ",,,,
Ameghinichnus acutus,,,,,,,ichnofossil,,,
Ameghinichnus fortis,,,,,,,ichnofossil,,,
Ameghinichnus mirabilis,,,,,,,ichnofossil,,,
Ameghinichnus patagonicus,,,,,,,ichnofossil,,,
Amphibetulimus krasnolutskii,,,,,,"The Earliest Asiatic Pretribosphenic Mammal (Cladotheria, Amphitheriidae) from the Middle Jurassic of Siberia A. V. Lopatin and A. O. Averianov","fragment with m3 PIN, no. 5087/3",,,
Amphidon superstes,,,,,,"G. G. Simpson. 1925. Mesozoic Mammalia. II: Tinodon and its allies. American Journal of Science, series 5 10(59):451-470","YPM 13638, a mandible (partial right mandible with P4 and M1-4)",,,
Amphilestes broderipii,,,,,,,a mandible (left mandible).,,,
Amphitherium prevostii,,,,,,,"OUMNH specimen, a mandible (partial left mandible)",,,
Amphitherium rixoni,,,,,,,"m1 present, but only tooth not measured",,,
Anthracolestes sergeii,,,,,,"A. O. Averianov, T. Martin, and A. Lopatin. 2014. The oldest dryolestid mammal from the Middle Jurassic of Siberia. Journal of Vertebrate Paleontology 34(4):924-931","PIN 5087/22, a tooth (left lower molar)- PIN 5087/27, left dentary fragment with alveoli for i1–4, double-rooted c, and p1–3. unknown molars",,,
Aploconodon comoensis,,,,,,"G. G. Simpson. 1925. Mesozoic Mammalia 1. American triconodonts: part 2. American Journal of Science, series 5 10:334-358","USNM 2791, a mandible (right mandible).",,,
Araeodon intermissus,1.05,0.66,,,,"A.O. Averianov and T. Martin. 2015. ONTOGENY AND TAXONOMY OF PAURODON VALENS (MAMMALIA, CLADOTHERIA) FROM THE UPPER JURASSIC MORRISON FORMATION OF USA",measured from the cast by the authors,,,
Arboroharamiya allinhopsoni,,,,,,,"m1 present, but due to position on slab probably not measurable. No measurements reported",,,
Arboroharamiya jenkinsi,4.139,2.521,,,,,,,,
Archaeotrigon brevimaxillus,1.2,0.82,,,,"A.O. Averianov and T. Martin. 2015. ONTOGENY AND TAXONOMY OF PAURODON VALENS (MAMMALIA, CLADOTHERIA) FROM THE UPPER JURASSIC MORRISON FORMATION OF USA",,,,
Argentoconodon fariasorum,3.26,2.25,,,,"Leandro C. Gaetano & Guillermo W. Rougier (2011) New materials of
Argentoconodonfariasorum (Mammaliaformes, Triconodontidae) from the Jurassic of Argentina
and its bearing on triconodont phylogeny, Journal of Vertebrate Paleontology, 31:4, 829-843, DOI:
10.1080/02724634.2011.589877",,,,
Asfaltomylos patagonicus,0.85,0.39,,,,"Thomas Martin & Oliver W. M. Rauhut. 2010. Mandible and dentition of Asfaltomylos patagonicus
(Australosphenida, Mammalia) and the evolution
of tribosphenic teeth",Approx.,,,
Bathmochoffatia hapax,,,,,,"Occlusal Pattern in Paulchoffatiid Multituberculates
and the Evolution of Cusp Morphology in Mammaliamorphs
with Rodent-like Dentitions
Vincent Lazzari & Julia A. Schultz & Paul Tafforeau &
Thomas Martin","IPFUB ha (m1)-1, a tooth (left m1) right M1 of Bathmochoffatia
hapax (MG 6809, reversed).",,,
Bernardodon atlanticus,,,,,,G. Hahn and R. Hahn. 1999. Pinheirodontidae n. fam. (Multituberculata) (Mammalia) aus der tiefen Unter-Kreide Portugals. Palaeontographica Abteilung A 253(4-6):77-222,"PP MULT 120 (holotype) and paratypes, a tooth (right m2)",,,
Borealestes mussetti,1.57,0.67,,,,"Panciroli et al, 2019. The mandible and dentition of Borealestes serendipitus (Docodonta) from the Middle Jurassic of Skye, Scotland",Took longest measurements reported for tooth,,,
Borealestes serendipitus,0.79,1.585,,,,"Panciroli et al, 2019. The mandible and dentition of Borealestes serendipitus (Docodonta) from the Middle Jurassic of Skye, Scotland",Average across left and right dentary,,,
Brancatherulum tendagurense,,,,,,"W. O. Dietrich. 1927. Brancatherulum n. g., ein Proplacentalier aus dem obersten Jura des Tendaguru in Deutsch-Ostafrika. Centralblatt fur Mineralogie, Geologie, Palaeontologie Abteilung B 10:423-426",cant find specimen,,,
Bridetherium dorisae,,,,,,,unknown molariformes,,,
Cherwellia leei,,,,,,,right lower molar,,,
Comodon gidleyi,,,,,,"G. G. Simpson. 1925. Mesozoic Mammalia 1. American triconodonts: part 2. American Journal of Science, series 5 10:334-358",cant find specimen,,,
Comotherium richi,,,,,,,upper teeth,,,
Ctenacodon laticeps,,,,,,"O. C. Marsh. 1881. Notice of new Jurassic mammals. The American Journal of Science and Arts, series 3 21(121-126):511-513","YPM 11761, a maxilla (left upper jaw with molar and premolar teeth)",,,
Ctenacodon scindens,,,,,,G. G. Simpson. 1928. A Catalogue of the Mesozoic Mammalia in the Geological Department of the British Museum 1-215,"YPM 10366, a mandible (partial left mandible)",,,
Ctenacodon serratus,,,,,,,"YPM 11833, a mandible (right mandible, lacking M2 and extreme anterior and posterior parts of ramus. YPM 11832, a mandible (left mandible complete save for tip of coronoid, incisor, and molars)",,,
Cyrtlatherium canei,,,,,,E. F. Freeman. 1979. A Middle Jurassic mammal bed from Oxfordshire. Palaeontology 22(1):135-166,"BMNH M.3651 1, a tooth (right lower cheek tooth)",,,
Dinnetherium nezorum,,,,,,"F. A. Jenkins, Jr., A. W. Crompton, and W. R. Downs. 1983. Mesozoic mammals from Arizona: new evidence on mammalian evolution. Science 222:1233-1235","MNA V3221, a mandible (partial right mandible with m2-5).",,,
Docodon affinis,,,,,,"O. C. Marsh. 1887. American Jurassic mammals. The American Journal of Science, series 3 33(196):327-348","USNM 2129, a mandible (left mandible with C, P1, P3-4, and M2-4).",,,
Docodon apoxys,1.896551724,1.034482759,1,1,Y IMAGE,"G. W. Rougier, A. S. Sheth, K. Carpenter, L. Appella-Guiscafre, and B. M. Davis. 2014. A new species of Docodon (Mammaliaformes: Docodonta) from the Upper Jurassic Morrison Formation and a reassessment of selected craniodental characters in basal mammaliaforms. Journal of Mammalian Evolution"," DMNH 42198, a partial skull (a nearly complete left dentary with alveoli for i1–i4, p1, and crowns of the canine, p2–p4, and m1–m7)",,,
Docodon crassus,,,,,,,"USNM 2130, a mandible (right mandible with C, P3-4, and M1-4).. Cant find specimen",,,
Docodon striatus,,,,,,"O. C. Marsh. 1881. Notice of new Jurassic mammals. The American Journal of Science and Arts, series 3 21(121-126):511-513"," YPM 11823, a mandible (right mandible with C, P1-4, and M1-5).. On slab so cant measure width. Could measure length",,,
Docodon superus,,,,,,G. G. Simpson. 1929. American Mesozoic Mammalia. Memoirs of the Peabody Museum of Yale University 3(1):1-171,"YPM 10647, a maxilla (right maxilla with canine and M1-5)",,,
Docodon victor,1.64,1.18,1,1,,"POSTILLA
PEABODY MUSEUM
YALE UNIVERSITY
NUMBER 139. 20 NOV. 1969
OCCLUSION IN DOCODON (MAMMALIA, DOCODONTA)
FARISH A. JENKINS, JR. ",,,,
Docofossor brachydactylus,1.106,0.586,,,,,,,,
Drescheratherium acutum,,,,,,"B. Krebs. 1998. Drescheratherium acutum gen. et sp. nov., ein neuer Eupantotherier (Mammalia) aus dem Oberen Jura von Portugal. Berliner Geowissenschaftliche Abhandlungen, Reihe E 28:91-111","Gui Mam 4/73, a maxilla.",,,
Dryolestes leirensis,,,,,,"Dryolestidae (Dryolestida, Mammalia) aus dem Oberen Jura von Portugal","Gui Mam 130/74, a mandible (left mandible with C, P1-4, M1-8)",,,
Dryolestes priscus,,,,,,,cant find specimen,,,
Dryolestes vorax,,,,,,,cant find specimen,,,
Dsungarodon zuoi,,,,,,,unknown lower molars,,,
Dyskritodon indicus,,,,,,,unidentified left lower molar,,,
Ecprepaulax anomala,,,,,,G. Hahn and R. Hahn. 1999. Pinheirodontidae n. fam. (Multituberculata) (Mammalia) aus der tiefen Unter-Kreide Portugals. Palaeontographica Abteilung A 253(4-6):77-222,"PP MULT 155, a tooth (i2).",,,
Eleutherodon oxfordensis,,,,,,,unidentified molars,,,
Entodipodiscus priscus,,,,,,,ichnospecies,,,
Eopentapodiscus crassus,,,,,,,ichnospecies,,,
Eopentapodiscus major,,,,,,,ichnospecies,,,
Eotetrapodiscus cursor,,,,,,,ichnospecies,,,
Eotetrapodiscus moyenensis,,,,,,,ichnospecies,,,
Euthlastus cordiformis,,,,,,G. G. Simpson. 1927. Mesozoic Mammalia. VI. Genera of Morrison pantotheres. American Journal of Science 13:409-416,"YPM 13755, a maxilla (right maxilla with last four molars, all broken).",,,
Ferganodon naryensis,,,,,,T. Martin and A. O. Averianov. 2007. A previously unrecognised group of Middle Jurassic triconodontan mammals from Central Asia. Naturwissenschaften 94:43-48,"ZIN 94214, a tooth (Right lower molariform tooth)",,,
Foxraptor atrox,1.17,0.93,,,,"A.O. Averianov and T. Martin. 2015. ONTOGENY AND TAXONOMY OF PAURODON VALENS (MAMMALIA, CLADOTHERIA) FROM THE UPPER JURASSIC MORRISON FORMATION OF USA",measurements after Carpenter 1998 by the authors,,,
Fruitafossor windscheffeli,,,,,,,no measurements reported. Some dammage to m1.,,,
Glirodon grandis,,,,,,,dammaged m1,,,
Gondtherium dattai,,,,,,G. V. R. Prasad and B. K. Manhas. 2007. A new docodont mammal from the Jurassic Kota Formation of India. Palaeontologia Electronica 10(2):7A-1-7A-11,"VPL/JU/KM/12, a tooth (left P3).",,,
Guimarotodon leiriensis,,,,,,,"V. J. 396-155, a mandible. Cant find paper",,,
Guimarotodus inflatus,,,,,,"T. Martin. 1999. Dryolestidae (Dryolestida, Mammalia) aus dem Oberen Jura von Portugal. Abhandlungen der Senckenbergischen Naturforschenden Gesellschaft 550:1-119"," Gui mam 121/75, a mandible (right manidble). Cant find paper",,,
Hahnotherium antiquum,,,,,,,no m1,,,
Henkelodon naias,,,,,,G. Hahn. 1977. Neue Schaedel-Reste von Multituberculaten (Mamm.) aus dem Malm Portugals. Geologica et Palaentologica 11:161-186,"V.J. 401-155, a partial skull (broken skull with right i2-m1). Cant find paper",,,
Henkelotherium guimarotae,,,,,,"Postcranial Skeleton of Henkelotherium guimarotae (Cladotheria, Mammalia) and Locomotor Adaptation K. R. K. Jäger & Z.-X. Luo & T. Martin. 2019. ",on slab so width not possible. Length would be,,,
Henosferus molus,1.7,0.74,1,1,,"New Jurassic Mammals from Patagonia, Argentina: A Reappraisal of Australosphenidan Morphology and Interrelationships. 2007. ROUGIER, GUILLERMO W., MARTINELLI, AGUSTÍN G., FORASIEPI, ANALÍA M., and NOVACEK, MICHAEL J.",only used one molar MPEF 2353 m1 because other measurements were estimated,,,
Huasteconodon wiblei,,,,,,,maxilla only,,,
Hutegotherium yaomingi,,,,,,"NEW DOCODONTANS FROM THE MIDDLE JURASSIC OF SIBERIA AND REANALYSIS OF DOCODONTA INTERRELATIONSHIPS A.O. Averianov, A.V. Lopatin, S.A. Krasnolutskii and S.V. Ivantsov","unknown molars. PIN 5087/6: L=2.0, W=2.5.
PM TGU 200/5-BR-2: antepenultimate molariform
tooth: L=1.9, W=1.25; penultimate molariform tooth:
L=1.8, W=1.1. PIN 5087/8: antepenultimate molariform tooth: L=2.1, W=1.1; penultimate molariform
tooth: L=1.7, W=0.9.",,,
Iberodon quadrituberculatus,,,,,,G. Hahn and R. Hahn. 1999. Pinheirodontidae n. fam. (Multituberculata) (Mammalia) aus der tiefen Unter-Kreide Portugals. Palaeontographica Abteilung A 253(4-6):77-222,"PP MULT 143 (holotype), and paratypes, a tooth (left m2)",,,
Indobaatar zofiae,,,,,,,one upper p4,,,
Indotherium pranhitai,,,,,,,no m1,,,
Itatodon tatarinovi,2.1,1.1,,,,"NEW DOCODONTANS FROM THE MIDDLE JURASSIC OF SIBERIA AND REANALYSIS OF DOCODONTA INTERRELATIONSHIPS A.O. Averianov, A.V. Lopatin, S.A. Krasnolutskii and S.V. Ivantsov",,,,
Juramaia sinensis,,,,,,,m1 set in slab,,,
Kermackodon multicuspis,,,,,,,no m1,,,
Kielanodon hopsoni,,,,,,,"V.J. 463-155, a maxilla (broken right maxilla with p3-5).",,,
Klamelia zhaopengi,1.9,1,1,1,,A New Triconodontan (Mammalia) from the Jurassic of China Minchen Chow and Thomas H. V. Rich,,,,
Kotatherium haldanei,,,,,,P. M. Datta. 1981. The first Jurassic mammal from India. Zoological Journal of the Linnean Society 73:307-312,"G.S.I. Type No. 19634, a tooth (right upper molar)",,,
Krebsotherium lusitanicum,,,,,,"T. Martin. 1999. Dryolestidae (Dryolestida, Mammalia) aus dem Oberen Jura von Portugal. Abhandlungen der Senckenbergischen Naturforschenden Gesellschaft 550:1-119","Gui Mam 9/75, a mandible (left mandible with I2-4, C, P1-4, and M1-7. cant find paper.",,,
Krusatodon kirtlingtonensis,,,,,,,upper molars,,,
Kuehneodon barcasensis,1.374570447,1.103092784,1,1,Y IMAGE,"Gerhard Hahn; Renate Hahn (2001). Multituberculaten-Zähne aus dem Ober-Jura von Porto das Barcas (Portugal). , 74(4), 583–586. doi:10.1007/bf02988164 ","IPFUB Mare Barc 1, a tooth (left m1)",,,
Kuehneodon dietrichi,,,,,,"Gerhard Hahn (1977). Das coronoid der paulchoffatiidae (multituberculata; ober-jura). , 51(3-4), 246–253.         doi:10.1007/bf02986572     ","V.J. 4-155, a mandible (right mandible). There is an m1, but not reported and not measurable from image",,,
Kuehneodon guimarotensis,,,,,,,"V. J. 5-155, a mandible (right mandible). cant find specimen",,,
Kuehneodon simpsoni,,,,,,"Huttenlocker, Adam K.; Grossnickle, David M.; Kirkland, James I.; Schultz, Julia A.; Luo, Zhe-Xi (2018). Late-surviving stem mammal links the lowermost Cretaceous of North America and Gondwana. Nature, 558(7708), 108–112. doi:10.1038/s41586-018-0126-y ","V.J122-155, a partial skull (broken skull with both tooth rows). No lower jaw material",,,
Kuehneodon uniradiculatus,,,,,,,"V.J. 427-155, a mandible. Cant find specimen",,,
Kuehneon duchyense,,,,,,,upper molar,,,
Laolestes andresi,,,,,,"T. Martin. 1999. Dryolestidae (Dryolestida, Mammalia) aus dem Oberen Jura von Portugal. Abhandlungen der Senckenbergischen Naturforschenden Gesellschaft 550:1-119","PP Mam 124/67, a tooth (left upper molar)",,,
Laolestes eminens,,,,,,,"AMNH 101125 has m1, but not pictured and no measurements found",,,
Laolestes goodrichi,,,,,,,no m1,,,
Laolestes oweni,,,,,,,upper teeth. Aka Melanodon oweni,,,
Liaotherium gracile,,,,,,,"Another fragmentary lower jaw with the broken last molar was reported from the Middle Jurassic
Jiulongshan Formation (= Haifanggou Formation) ",,,
Malutitetrapodiscus minimus,,,,,,,ichnofossil,,,
Malutitetrapodiscus saltator,,,,,,,ichnofossil,,,
Malutitetrapodiscus tenuis,,,,,,,ichnofossil,,,
Meketibolodon robustus,,,,,,,"V.J. 408-155, a mandible",,,
Meketichoffatia krausei,,,,,,G. Hahn. 1993. The systematic arrangement of the Paulchoffatiidae (Multituberculata) revisited. Geologica et Palaeontologica 27:201-214,cant find specimen,,,
Nakunodon paikasiensis,,,,,,"An amphidontid symmetrodont from the
Early Jurassic Kota Formation, India
P. YADAGIRI. 1985","The holotype, right upper molar only; G.S.I. Type No. SR/PAL/12.
Deposited in the Regional Palaeontological Laboratories, G.S.I. Hyderabad,
India.",,,
Nanolestes drescherae,,,,,,,"deciduous premolar identified by Lopatin and 
Averianov considered an m1 by Mammals from the Late Jurassic Qigu Formation
in the Southern Junggar Basin, Xinjiang, Northwest China. M1 missing from the dentary.
Thomas Martin & Alexander O. Averianov",,,
Nanolestes krusati,,,,,,,unidentified teeth,,,
Nanolestes mackennai,,,,,,,no m1,,,
Paceyodon davidi,,,,,,"New morganucodontans from an Early Jurassic fissure filling in Wales (United Kingdom)
WA Clemens. Palaeontology, 2011","large morganucodon, but no certain m1",,,
Paikasigudodon yadagirii,,,,,,,no m1,,,
Palaeoxonodon ooliticus,,,,,,"E. P. Freeman. 1976. Mammal teeth from the Forest Marble (Middle Jurassic) of Oxfordshire, England. Science 194(4269):1053-1055","FM/K8, a tooth",,,
Parachoffatia staphylos,,,,,,"G. Hahn and R. Hahn. 1998. Neue Beobachtungen an Plagiaulacoidea (Multituberculata) des Ober-Juras. 3. Der Bau der Molaren bei den Paulchoffatiidae. Berliner Geowissenschaftliche Abhandlungen, Reihe E 28:39-84","IPFUB st (m2)-1, a tooth (isolated left m2). ",,,
Paraeopentapodiscus intentus,,,,,,,ichnofossil,,,
Paraeopentapodiscus parvus,,,,,,,ichnofossil,,,
Paritatodon kermacki,,,,,, D. Sigogneau-Russell. 1998. Discovery of a Late Jurassic Chinese mammal in the Upper Bathonian of England. Comptes Rendus de l'Académie des Sciences de la Terre et des Planetes 327:571-576,"J. 612, a tooth (left lower molar). J. 226, right lower molar. ",,,
Paulchoffatia delgadoi,,,,,,,"V.J. 1-155, a mandible (left mandible). Cant find specimen",,,
Paurodon valens,1.1,0.75,,,,"A.O. Averianov and T. Martin. 2015. ONTOGENY AND TAXONOMY OF PAURODON VALENS (MAMMALIA, CLADOTHERIA) FROM THE UPPER JURASSIC MORRISON FORMATION OF USA",Measured from cast by authors,,,
Peraiocynodon major,,,,,,,no m1,,,
Phascolotherium bucklandi,,,,,,,probably has m1. cant find paper. Check phd images OUMNH,,,
Phascolotherium simpsoni,,,,,,P. M. Butler and D. Sigogneau-Russel. 2016. Diversity of triconodonts in the Middle Jurassic of Great Britain. Palaeontologia Polonica 67:35-65,"Holotype: M46115, a left lower molar. M46513, right lower molar; M46036, anterior half of a right lower molar;
M46503, right lower molar; M46440, right upper molar; M46762, right upper molar; M46538, left upper
molar; M46536, ?left upper molar. All referred specimens are from Old Cement Works Quarry, Kirtlington,
Oxfordshire, UK; late Bathonian.",,,
Pinheirodon pygmaeus,,,,,,G. Hahn and R. Hahn. 1999. Pinheirodontidae n. fam. (Multituberculata) (Mammalia) aus der tiefen Unter-Kreide Portugals. Palaeontographica Abteilung A 253(4-6):77-222,"PP MULT 47 (holotype), and paratypes, a tooth (left m2).",,,
Pinheirodon vastus,,,,,,G. Hahn and R. Hahn. 1999. Pinheirodontidae n. fam. (Multituberculata) (Mammalia) aus der tiefen Unter-Kreide Portugals. Palaeontographica Abteilung A 253(4-6):77-222,"PP MULT 75 (holotype), and paratypes, a tooth (right m2)",,,
Plesiochoffatia thoas,,,,,,"G. Hahn and R. Hahn. 1998. Neue Beobachtungen an Plagiaulacoidea (Multituberculata) des Ober-Juras. 3. Der Bau der Molaren bei den Paulchoffatiidae. Berliner Geowissenschaftliche Abhandlungen, Reihe E 28:39-84","IPFUB th (m2)-1, a tooth (isolated left m2)",,,
Portopinheirodon asymmetricus,,,,,,"T. Martin. 1999. Dryolestidae (Dryolestida, Mammalia) aus dem Oberen Jura von Portugal. Abhandlungen der Senckenbergischen Naturforschenden Gesellschaft 550:1-119","PP Mam 141/68, a tooth (right upper middle molar).",,,
Priacodon ferox,2.1,,,,,"O. C. Marsh. 1880. Notice of new Jurassic mammals representing two new orders. The American Journal of Science and Arts, series 3 20(28):235-239"," YPM 606, a mandible (right mandible with P1-3, M1-3 and additional aveoli",,,
Priacodon fruitaensis,1.9,,,,,A New Species of Triconodont Mammal from the Upper Jurassic of Colorado. T. E. Rasmussen and George Callison 1981.,On slab. No width available,,,
Priacodon grandaevus,,,,,,"G. G. Simpson. 1925. Mesozoic Mammalia 1. American triconodonts: part 2. American Journal of Science, series 5 10:334-358","YPM 10349, a maxilla (part of left maxilla and jugal with crowns of the first three molars and alveoli for the last molar and the last premolar",,,
Priacodon lulli,,,,,,"G. G. Simpson. 1925. Mesozoic Mammalia 1. American triconodonts: part 2. American Journal of Science, series 5 10:334-358","YPM 13625, a maxilla (partial right maxilla with P3 and M1-4)",,,
Priacodon robustus,,,,,,,"YPM 11846, a mandible (left mandible). Cant find specimen",,,
Proalbionbaatar plagiocyrtus,,,,,,Neue Beobachtungen an Plagiaulacoidea (Multituberculata) des Ober-Juras. 4. Ein Vertreter der Albionbaataridae im Lusitanien Portugals,"IPFUB pl (m1)-1, a tooth (left m1).  m1 but cant find specimen - could be upper m1. see NEW MULTITUBERCULATE MAMMALS FROM THE
HAUTERIVIAN?BARREMIAN TRANSITION OF
EUROPE (IBERIAN PENINSULA)
by AINARA BADIOLA, JOSE´ I. CANUDO and GLORIA CUENCA-BESCO´ S",,,
Psalodon fortis,,,,,,"O. C. Marsh. 1887. American Jurassic mammals. The American Journal of Science, series 3 33(196):327-348","YPM 11760, an other (right premaxilla with I2-3 and alveolus for I1",,,
Psalodon marshi,,,,,,,not measurable,,,
Psalodon potens,,,,,,"O. C. Marsh. 1887. American Jurassic mammals. The American Journal of Science, series 3 33(196):327-348","YPM 11834, a maxilla (right upper jaw)",,,
Pseudobolodon dryas,,,,,,G. Hahn. 1977. Neue Schaedel-Reste von Multituberculaten (Mamm.) aus dem Malm Portugals. Geologica et Palaentologica 11:161-186," V.J. 399-155, a partial skull (skull in two pieces, one containing the right dentition, the other containing the petrosal). Cant find paper",,,
Pseudobolodon krebsi,,,,,,"G. Hahn and R. Hahn. 1994. Nachweis des Septomaxillare bei Pseudobolodon krebsi n. sp. (Multituberculata) aus dem Malm Portugals. Berliner Geowissenschaftliche Abhandlungen, Reihe E 13:9-29","V.J. 447-155, a partial skull. Cant find paper",,,
Pseudobolodon oreas,,,,,,,"V. J. 397-155, a maxilla (partial left maxilla with c-p5)",,,
Pseudotribos robustus,,,,,,"Z.-X. Luo, Q. Ji, and C.-X. Yuan. 2007. Convergent dental adaptations in pseudo-tribosphenic and tribosphenic mammals. Nature 450:93-97",on a slab,,,
Renatodon amalthea,,,,,,G. Hahn. 2001. Neue Beobachtungen an Schädelresten von Paulchoffatiidae (Multituberculata; Ober-Jura). Geologica et Palaeontologica 35:121-143,cant find paper,,,
Rugosodon eurasiaticus,,,,,,,partial m1,,,
Shenshou lui,2,1.632,1,1,Y IMAGE,"Bi, Shundong; Wang, Yuanqing; Guan, Jian; Sheng, Xia; Meng, Jin (2014). Three new Jurassic euharamiyidan species reinforce early divergence of mammals. Nature, 514(7524), 579–584. doi:10.1038/nature13718 ",,Y,,
Shuotherium dongi,1.274,0.843,,,,,,,,
Shuotherium shilongi,,,,,,"Y. Wang, W. A. Clemens, Y. Hu and C. Li. 1998. A probably pseudo-tribosphenic upper molar from the Late Jurassic of China and the early radiation of Holotheria","An isolated right upper molar, probably not the
most distal (IVPP catalog no. V7467).",,,
Simpsonodon oxfordensis,1.37,0.66,,,,"K. A. KERMACK; A. J. LEE; PATRICIA M. LEES; FRANCES MUSSETT (1987). A new docodont from the Forest Marble. , 89(1), 1–39. doi:10.1111/j.1096-3642.1987.tb01342.x ",Specimen J.232 probablz a right lower m1 ,Y,,
Sineleutherus issedonicus,,,,,,"A. O. Averianov, A. V. Lopatin, and S. A. Krasnolutskii. 2011. The first haramiyid (Mammalia, Allotheria) from the Jurassic of Russia. Doklady Biological Sciences 437:103-106",no m1,,,
Sineleutherus uyguricus,,,,,,,possible m1,,,
Staffia aenigmatica,,,,,,"New records of Staffia aenigmatica (Mammalia, Allotheria, Haramiyida)
from the Upper Jurassic of Tendaguru in southeastern Tanzania, East Africa
Wolf-Dieter Heinrich. 2001. ","no definitive m1. The type specimen of S(affiia aenigmatica was
originally compared with presumed premolars of
Tliomasin (tooth groop 11: Sigogneau-Russell
Mitt. Mus. Nat.kd. Bed. Geowiss. Reihe 4 (2001) 249
1989) and provisionally regarded as a lower posterior premolar (Heinrich 1999a). More recently,
Butler (2000) compared the cheek teeth of the
Thomasia tooth groop I1 (Sigogneau-Russell
1989) with the lower anterior molar (ml), suggesting that the type specimen of Staffia aenigmatica might represent a ml.",,,
Stylidens hookeri,,,,,,P. M. Butler and D. Sigogneau-Russel. 2016. Diversity of triconodonts in the Middle Jurassic of Great Britain. Palaeontologia Polonica 67:35-65,"NHM M84127, a tooth (right lower molar)",,,
Tashkumyrodon desideratus,,,,,,,unidentified left lower molar,,,
Tathiodon agilis,,,,,,,"The dentary
fragment, holotype of T. agilis, bears two molariform teeth,
likely dp4 and m1. The upper dentition is known from a
maxillary fragment with three molars (holotype of C. richi)
and isolated upper molar (AMNH collection)",,,
Tegotherium gubini,,,,,,,cant find the specimen,,,
Tendagurodon janenschi,,,,,,"W. -D. Heinrich. 1998. Late Jurassic mammals from Tendaguru, Tanzania. Journal of Mammalian Evolution 5(4):269-290","cheek tooth, tentatively identified as a right
lower molar",,,
Tendagurutherium dietrichi,,,,,,"W. -D. Heinrich. 1998. Late Jurassic mammals from Tendaguru, Tanzania. Journal of Mammalian Evolution 5(4):269-290","Dentary fragment with unknown molar. MB.Ma.46910, a maxilla (fragment of a right dentary with the last molar",,,
Triconolestes curvicuspis,,,,,,G. F. Engelmann and G. Callison. 1998. Mammalian faunas of the Morrison Formation. Modern Geology 23(1-4):343-379,"DINO 10780, a tooth (partial lower molar)",,,
Trioracodon bisulcus,,,,,,,cant find specimen,,,
Trishulotherium kotaensis,,,,,,"P. Yadagiri. 1984. New smmetrodonts from Kota Formation (Early Jurassic), India. Journal of the Geological Society of India 25(8):514-521","GSI Type No. SR/PAL/10, a tooth (worn molar)",,,
Victoriaconodon inaequalis,1.070866142,0.472440945,1,1,Y IMAGE,"Marisol Montellano , James A. Hopson & James M. Clark (2008) Late Early
Jurassic mammaliaforms from Huizachal Canyon, Tamaulipas, México, Journal of Vertebrate
Paleontology, 28:4, 1130-1143, DOI: 10.1671/0272-4634-28.4.1130",,,,
Volaticotherium antiquus,,,,,,"J. Meng, Y. Hu, Y. Wang, X. Wang, and C. Li. 2006. A Mesozoic gliding mammal from northeastern China. Nature 444:889-893",flat on slab. No width possible. Length would likely be possible,,,
Wareolestes rex,,,,,,,no measurable m1,,,
Xenachoffatia oinopion,,,,,,"G. Hahn and R. Hahn. 1998. Neue Beobachtungen an Plagiaulacoidea (Multituberculata) des Ober-Juras. 3. Der Bau der Molaren bei den Paulchoffatiidae. Berliner Geowissenschaftliche Abhandlungen, Reihe E 28:39-84",Cant find paper,,,
Zofiabaatar pulcher,,,,,,"R. T. Bakker and K. Carpenter. 1990. A new latest Jurassic vertebrate fauna, from the highest levels of the Morrison Formation at Como Bluff, Wyoming, with comments on Morrison biochronology. Part III. The mammals: a new multituberculate and a new paurodont. Hunteria 2(6):4-8",cant find paper,,,
Acinacodus tagaricus,1.7,0.9,,,,"A New Genus of Triconodont Mammals from the Early Cretaceous of Western Siberia A. V. Lopatin, E. N. Maschenko, and A. O. Averianov 2019","PIN, no. 4463/5, right dentary fragment
with C1, P2–P3, ?2–?4, and alveoli and roots of I1–I4",,,
Acristatherium yanensis,1.3,,,,,"New basal eutherian mammal from the Early Cretaceous Jehol biota, Liaoning, China
Yaoming Hu, Jin Meng, Chuankui Li and Yuanqing Wang 2009","no width, on slab",,,
Adelodelphys muizoni,,,,,,,upper teeth and unknown mx lower teeth,,,
Adinodon pattersoni,,,,,,"P. Hershkovitz. 1995. The staggered marsupial third lower incisor: hallmark of cohort Didelphimorphia, and description of a new genus and species with staggeres i3 from the Albian (Lower Cretacious) of Texas. Bonner zoologische Beitrage 45(3-4):153-169",cant find paper,,,
Aegialodon dawsoni,,,,,,,unknown lower molariformes,,,
Aenigmadelphys archeri,,,,,,"New marsupial from the Upper Cretaceous of Utah. RL Cifelli, Z Johanson - Journal of Vertebrate Paleontology, 1994",upper teeth only,,,
Afriquiamus nessovi,,,,,,"Sigogneau-Russell D. 1999. — Réévaluation des Peramura (Mammalia, Cladotheria) sur la
base de nouveaux spécimens du Crétacé inférieur d'Angleterre et du Maroc. Geodiversitas
21 (1) : 93-127. ","SA 84, molaire supérieure gauche. ",,,
Akidolestes cifelli,,,,,,G. Li and Z.-X. Luo. 2006. A Cretaceous symmetrodont therian with some monotreme-like postcranial features. Nature 439:195-200,couldn't get a reliable measurement from sketches. Possibly from real fossil. ,,,
Albertatherium primus,,,,,,,no m1,,,
Albertatherium secundus,,,,,,," UALVP 29534, a tooth (M3).",,,
Albionbaatar denisae,,,,,,,"DORCM GS 212 (sample 40), a maxilla (right P5 in a fragment of maxilla).",,,
Aletridelphys florencae,,,,,,,no m1,,,
Aletridelphys hatcheri,,,,,,"G. P. Wilson, M. Dechesne, and I. R. Anderson. 2010. New latest Cretaceous mammals from northeastern Colorado with biochronologic and biogeographic implications. Journal of Vertebrate Paleontology 30(2):499-520","right maxilar with m3. Belongs to Protolambda according to G. P. Wilson et al. 2010, Alternative combinations: Aletridelphys hatcheri, Pediomys hatcheri. Synonyms: Synconodon sexcuspis Osborn 1898, Synconodon sexicuspis Osborn 1898",,,
Allacodon lentus,,,,,,,junior synonym of Cimolomys gracilis,,,
Alticonodon lindoei,,,,,,,no m1,,,
Alymlestes kielanae,2.4,2.1,1,1,,"A new Cretaceous mammal from the Campanian of Kazakhstan. A Averianov, L Nessov 1995","Holotype ZIN 78332, left M/l (lower m1)",,,
Ambilestes cerberoides,,,,,,,no m1 for recombined species specimens,,,
Amblotherium nanum,,,,,,R. Owen. 1871. Monograph of the fossil Mammalia of the Mesozoic formations. 24(110):vi-115,cant find paper,,,
Amblotherium pusillum,,,,,,,multiple left mandibles. Possible m1s. Cant find the specimens,,,
Amblotherium soricinum,,,,,,R. Owen. 1871. Monograph of the fossil Mammalia of the Mesozoic formations. 24(110):vi-115,cant find paper,,,
Ambolestes zhoui,1.537037037,0.888888889,1,1,Y IMAGE,"S. Bi, X. Zheng, X. Wang, N. E. Cignetti, S. Yang and J. R. Wible. 2018. An Early Cretaceous eutherian and the placental–marsupial dichotomy. Nature 558:390-395",m1 could be measured from recon,,,
Ameribaatar zofiae,,,,,,"Eaton, J.G. & Cifelli, R.L. 2001. Multituberculate mammals from near the Early-Late
Cretaceous boundary, Cedar Mountain Formation, Utah. - Acta Palaeontologica Polonica 46,4,453-5 18",partial m1,,,
Anebodon luoi,2.275,1.285,2,2,,"Shundong Bi, Xiaoting Zheng, Jin Meng, Xiaoli Wang, Nicole Robinson & Brian Davis 2016. A new symmetrodont mammal (Trechnotheria: Zhangheotheriidae) from the Early Cretaceous of China and trechnotherian character evolution",sample number (2) is left and right of same specimen,,,
Apistodon exiguus,,,,,,,"UALVP 5536, a tooth (RM1).",,,
Aquiladelphis incus,,,,,,,OMNH 66351 is M3,,,
Aquiladelphis laurae,,,,,,,no m1,,,
Arcantiodelphys marchandi,1.3,1.15,,,,"The oldest modern therian mammal from Europe and its bearing on stem marsupial paleobiogeography Romain Vullo, Emmanuel Gheerbrant, Christian de Muizon, and Didier Ne´raudeau",possibly m1 MNHN CCH1,Y,,
Argaliatherium robustum,,,,,,,"OMNH 61153, broken LMx",,,
Argentodites coloniensis,,,,,,"Kielan?Jaworowska, Z., Ortiz?Jaureguizar, E., Vieytes, C., Pascual, R., and Goin, F.J. 2007. First ?cimolodontan multi?
tuberculate mammal from South America. Acta Palaeontologica Polonica 52 (2): 257–262.",left p4,,,
Argillomys marylandensis,,,,,,"New multituberculate mammal from the Early Cretaceous of eastern North America Richard L. Cifelli, Cynthia L. Gordon, and Thomas R. Lipka",left upper m2,,,
Arginbaatar dimitrievae,1.462,0.924,5,5,,"KIELAN-JAWOROWSKA, Z., DASHZEVEG, D. and TROFIMOV, B. A.: Early
Cretaceous multituberculates from Mongolia and a comparison with Late Jurassic
forms. Acta Palaeont. Polonica, 38, 1-2, 3-47, 19&7.",,,,
Arguimus khosbajari,0.918918919,0.5,1,1,Y IMAGE,"DASHZEVEG, D. 1979. Arguimus khosbajari gen.n., sp.n. (?Peramuridae,
Eupantotheria) from the Lower Cretaceous of Mongolia. Acta Palaeont.
Polonica 24, 2, 199-204, June 1979.",measured from ,,,
Asiatherium reshetovi,1.575,0.913,,,,,,,,
Asioryctes nemegtensis,,,,,,,fused skull and jaw.,,,
Aspanlestes aptap,,,,,,,no m1,,,
Astroconodon delicatus,,,,,,,unknown molars,,,
Atlasodon monbaroni,,,,,,,right upper molar,,,
Atokatheridium boreni,,,,,,,no m1,,,
Ausktribosphenos nyktos,1.6,1.7,,,,"Thomas H. Rich, Patricia Vickers-Rich, Andrew Constantine,
Timothy F. Flannery, Lesley Kool, Nicholas van Klaveren 1997. A Tribosphenic Mammal from the
Mesozoic of Australia",original paper names it Aukstribosphenos nyktos,,,
Austrotriconodon mckennai,,,,,,,"no definitive m1. See A revision of the putative Late Cretaceous triconodonts from South
America 2013 L.C. Gaetano, C.A. Marsicano, G.W. Rougier for taxonomic opinions",,,
Austrotriconodon sepulvedai,,,,,,,"upper and lower P1s. See A revision of the putative Late Cretaceous triconodonts from South
America 2013 L.C. Gaetano, C.A. Marsicano, G.W. Rougier for taxonomic opinions",,,
Avashishta bacharamensis,,,,,,"S. Anantharaman , G. P. Wilson , D. C. Das Sarma & W. A. Clemens (2006)
A possible Late Cretaceous “Haramiyidan” from India, Journal of Vertebrate Paleontology, 26:2,
488-490, DOI: 10.1671/0272-4634(2006)26[488:APLCHF]2.0.CO;2",upper right molariform,,,
Baidabatyr clivosus,,,,,,,only P5,,,
Barbatodon oardaensis,2.09,1.38,6,6,,"V. A. Codrea, A. A. Solomon, M. Venczel and T. Smith. 2014. A new kogaionid multituberculate mammal from the Maastrichtian of the Transylvanian Basin, Romania. Comptes Rendus Palevol 13(6):489-499",,,,
Barbatodon transylvanicus,3.056,2.251,,,,,,,,
Barberenia allenensis,,,,,,,right upper molariform,,,
Barberenia araujoae,,,,,,,"cant see m1. MACN-RN 166, a tooth (left upper molar). See A new phylogeny for basal Trechnotheria and Cladotheria
and affinities of South American endemic Late Cretaceous
mammals
Alexander O. Averianov & Thomas Martin &
Alexey V. Lopatin for reassigned holotype",,,
Barunlestes butleri,,,,,,Z. Kielan-Jaworowska. 1975. Preliminary description of two new eutherian genera from the Late Cretaceous of Mongolia. Palaeontologia Polonica 33:5-15,m1 present but not measurable from images. Check PhD immages,,,
Bharattherium bonapartei,,,,,,,unknown molariformes,,,
Bishops whitmorei,1.45,1.2,2,2,,"Rich et al, 2020. A Third, Remarkably Small, Tribosphenic Mammal from the Mesozoic of Australia","NMV P210075, holotype, a left mandible
originally with a single alveolus anterior to
the premolars, p1–6, m1–3. p1 subsequently
lost. Figures 3.9–3.10.
NMV P208484, a right mandibular fragment with m2 and alveolus for m3. Figure
3.11.
NMV P209975, a right mandibular fragment with heavily worn posterior root of p6,
m1–2, and worn m3. Figure 3.12.
NMV P210070, a right mandible with p1–
6, m1–3. P6–m3 damaged.  measured NMV
P210075
Bishops
whitmorei
holotype and Bishops
whitmorei
NMV
P210070",,,
Bistius bondi,,,,,,"New Late Cretaceous, North American advanced therian mammals that fit neither the marsupial nor eutherian molds 1986. William A. Clemens, Jason A. Lillegraven",upper molars,,,
Bobolestes zenge,0.8,1.1,1,1,,"Alexander Averianov, J. David Archibald. 2004. Mammals from the mid-Cretaceous Khodzhakul Formation,
Kyzylkum Desert, Uzbekistan",,,,
Bolodon crassidens,,,,,,,"Bolodon crassidens Owen, fragment of maxilla with SF, buccal view, Is preserved in this specimen is not figured, holotype BM 47735.",,,
Bolodon elongatus,,,,,,G. G. Simpson. 1928. A Catalogue of the Mesozoic Mammalia in the Geological Department of the British Museum 1-215,,,,
Bolodon falconeri,,,,,,,"Alternative combinations: Ctenacodon falconeri, Plagiaulax falconeri. Cant find the specimen",,,
Bolodon hydei,,,,,,,no m1,,,
Bolodon minor,,,,,,,cant find specimen,,,
Bolodon osborni,,,,,,,No m1?,,,
Bondesius ferox,,,,,,,"MACN-RN 161, a tooth (complete crown of a right lower molar)",,,
Borisodon kara,2.339285714,1.571428571,1,1,Y IMAGE,"J. DAVID ARCHIBALD and ALEXANDER AVERIANOV. 2010. Phylogenetic analysis, taxonomic revision, and dental
ontogeny of the Cretaceous Zhelestidae
(Mammalia: Eutheria)",,,,
Brandonia intermedia,,,,,,,upper teeth,,,
Brasilestes stardusti,,,,,,,one right premolar,,,
Buginbaatar transaltaiensis,,,,,,ZOFIA KIELAN-JAWOROWSKA et al. THE FIRST MULTITUBERCULATE FROM THE UPPERMOST CRETACEOUS OF THE GOBI DESERT (MONGOLIA),upper teeth,,,
Bulaklestes kezbe,1.57,1.1,3,3,,"Archibald, J.D. and Averianov, A.O. 2006. Late Cretaceous asioryctitherian eutherian mammals from Uzbekistan and
phylogenetic analysis of Asioryctitheria. Acta Palaeontologica Polonica 51 (2): 351–376.",,,,
Bulganbaatar nemegtbaataroides,,,,,,Z. Kielan-Jaworowska. 1974. Multituberculate succession in the Late Cretaceous of the Gobi Desert (Mongolia). Palaeontologia Polonica 30:23-44,no m1,,,
Camptomus amplus,,,,,,,no m1. possibly a scapular?,,,
Cantalera abadi,,,,,,,no lower teeth,,,
Carinalestes murensis,,,,,,,"The holotype of Carinalestes murensis preserves
the last molar (AP D 2.39, ANW D 1.58, POW D 1.11)",,,
Casamiquelia rionegrina,,,,,,,upper right molar,,,
Catocapes angolanus,,,,,,,ichnofossil,,,
Catopsbaatar catopsaloides,6.1,3.8,1,1,,Z. Kielan-Jaworowska. 1974. Multituberculate succession in the Late Cretaceous of the Gobi Desert (Mongolia). Palaeontologia Polonica 30:23-44,was reported as Djadochtatherium catopsaloides. MgM-I /78 ,,,
Cedaromys minimus,,,,,,"J. G. Eaton. 2009. Cenomanian (Late Cretaceous) mammals from Cedar Canyon, southwestern Utah, and a revision of Cenomanian Alphadon-like marsupials. Museum of Northern Arizona Bulletin 65:97-110","UMNH VP 12836, a tooth (LM1). Cant find paper. In a book",,,
Chaoyangodens lii,2.3,,,,,"A new eutriconodont mammal from the early Cretaceous Jehol Biota of Liaoning, China Shilin Hou,  Jin Meng",only able to measure length,,,
Chulsanbaatar vulgaris,1.766666667,0.866666667,3,3,,Z. Kielan-Jaworowska. 1974. Multituberculate succession in the Late Cretaceous of the Gobi Desert (Mongolia). Palaeontologia Polonica 30:23-44,,,,
Chunnelodon alopekodes,,,,,,,unknown lower molars,,,
Cimexomys gregoryi,,,,,,,Cant find paper,,,
Cimolestes stirtoni,,,,,,"Fox, Richard C.; Sues, Hans-Dieter (2015). A revision of the Late Cretaceous–Paleocene eutherian mammal <i>Cimolestes</i> Marsh, 1889. Canadian Journal of Earth Sciences, (), 1–13. doi:10.1139/cjes-2015-0113","UCMP 48591, left upper molar, probably M2.",,,
Cimolodon akersteni,,,,,,"Lucas N. Weaver, Gregory P. Wilson, L. J. Krumenacker, Kayla Mclaughlin,
Jason R. Moore & David J. Varricchio (2019) New multituberculate mammals from the midCretaceous (lower Cenomanian) Wayan Formation of southeastern Idaho and implications for
the early evolution of Cimolodonta, Journal of Vertebrate Paleontology, 39:2, e1604532, DOI:
10.1080/02724634.2019.1604532","IMNH 50879, right p4",,,
Cimolodon peregrinus,,,,,,"Shelly L. Donohue , Gregory P. Wilson & Brent H. Breithaupt (2013)
Latest Cretaceous multituberculates of the Black Butte Station local fauna (Lance Formation,
southwestern Wyoming), with implications for compositional differences among mammalian
local faunas of the Western Interior, Journal of Vertebrate Paleontology, 33:3, 677-695, DOI:
10.1080/02724634.2013.745416","UW 15583, right dentary fragment with p4",,,
Cimolodon wardi,2.53,1.53,1,1,,"J. G. Eaton. 2006. Late Cretaceous mammals from Cedar Canyon, southwestern Utah. Late Cretaceous Vertebrates from the Western Interior. New Mexico Museum of Natural History and Science Bulletin 35:373-402",UMNH VP 6911,,,
Cimolomys milliensis,,,,,,"J. G. Eaton. 1993. Mammalian paleontology and correlation of uppermost Cretaceous rocks of the Paunsaugunt Plateau, Utah. Aspects of Mesozoic Geology and Paleontology of the Colorado Plateau. Museum of Northern Arizona Bulletin 59:163-180",cant find paper,,,
Cimolomys parvus,,,,,,,"m1 from YPM 11777, but not found",,,
Cimolomys trochuus,,,,,,,no m1,,,
Clemensodon megaloba,,,,,,"KRAUSE, D.W. Clemensodon megaloba, A new genus and species of Multituberculata (Mammalia) from the Upper Cretaceous Type Lance Formation, Powder River Basin, Wyoming.",p4,,,
Coloniatherium cilinskii,,,,,,,2 x m1 specimen. MPEF-PV 2064 and MPEF-PV 2011. no measurements reported. No immages. ,,,
Corriebaatar marywaltersae,,,,,,,no m1,,,
Corviconodon montanensis,,,,,,,Very poor possible m1. No measurement avaliable,,,
Corviconodon utahensis,,,,,,,unknown molars,,,
Cretasorex arkhangelskyi,,,,,,,no teeth,,,
Cronopio dentiacutus,,,,,,,dammaged molars,,,
Crusafontia amoae,,,,,,,upper molars,,,
Crusafontia cuencana,0.697211155,0.605577689,1,1,Y IMAGE,,measured from paper with image and scale bar,,,
Ctenacodon minor,,,,,,,cant find,,,
Culicolestes kielanae,,,,,,,no m1,,,
Dakotadens pertritus,2.54,1.22,1,1,,"Cifelli, R.L., Cohen, J.E., and Davis, B.M. 2016. New tribosphenic mammals from
the Mussentuchit Local Fauna (Cedar Mountain Formation, Cenomanian), Utah, USA.
Palaeontologia Polonica 67, 67–81. LSID urn:lsid:zoobank.org:pub:C7A0F8DD-F04A467C-8E45-3BFABDEEC6F5",,,,
Dakshina jederi,,,,,,,no m1,,,
Daulestes inobservabilis,1.34,0.94,1,1,,"Archibald, J.D. and Averianov, A.O. 2006. Late Cretaceous asioryctitherian eutherian mammals from Uzbekistan and
phylogenetic analysis of Asioryctitheria. Acta Palaeontologica Polonica 51 (2): 351–376.",,,,
Daulestes kulbeckensis,1.235,0.905,2,2,,"Archibald, J.D. and Averianov, A.O. 2006. Late Cretaceous asioryctitherian eutherian mammals from Uzbekistan and
phylogenetic analysis of Asioryctitheria. Acta Palaeontologica Polonica 51 (2): 351–376.",,,,
Deccanolestes hislopi,0.95,0.58,1,1,,"Rana, R.S. and Wilson, G.P. 2003. New Late Cretaceous mammals from the Intertrappean beds of Rangapur, India and
paleobiogeographic framework. Acta Palaeontologica Polonica 48 (3): 331–348.",,,,
Deccanolestes narmadensis,,,,,,"Guntupalli V.R. PrasadOmkar VermaEmmanuel GheerbrantAnjali GoswamiAshu KhoslaVarun ParmarAshok Sahni. 2009. First mammal evidence from the Late Cretaceous of India for biotic
dispersal between India and Africa at the KT transition",no certain m1,,,
Deccanolestes robustus,1.48,0.94,1,1,,"Rana, R.S. and Wilson, G.P. 2003. New Late Cretaceous mammals from the Intertrappean beds of Rangapur, India and paleobiogeographic framework. Acta Palaeontologica Polonica 48 (3): 331–348.",,,,
Delphodon comptus,,,,,,,cant find it. Also may be Didelphodon comptus,,,
Deltatheridium nessovi,,,,,,,no m1,,,
Deltatheridium pretrituberculare,,,,,,"Rougier, Guillermo W.; Wible, John R.; Novacek, Michael J. (1998). . Nature, 396(6710), 459–463. doi:10.1038/24856 ",measurement would be possible but can't find it reported,,,
Deltatheroides cretacicus,,,,,,,lower molars but not specified m1,,,
Didelphodon coyi,,,,,,,broken m1 ,,,
Djadochtatherium matthewi,,,,,,G. G. Simpson. 1925. A Mesozoic mammal skull from Mongolia. American Museum Novitates 201:1-12,"AM 20440 skull and jaws. Unsure if m1 could be measured. Not from images in 1925 paper. Referred to as a juvenile in Kielan-Jaworowska, Z. & Hurum, J.H. 1997. Djadochtatheria - a new suborder of
multituberculate mammals. -Acta Palaeontologica Polonica 42, 2,201-242",,,
Donodon prescriptoris,,,,,,"D. Sigogneau-Russell. 1991. Nouveaux Mammiferes theriens du Cretace inferieur du Maroc. Comptes-Rendus de l'Academis des Sciences du Paris, series II 313:279-285",one right upper molar,,,
Dorsetodon haysomi,,,,,,,unidentified molars,,,
Duquettichnus kooli,,,,,,,ichnofossil,,,
Durlstodon ensomi,,,,,,"Sweetman, S.C., Smith, G., and Martill, D.M. 2017. Highly derived eutherian mammals from the earliest Cretaceous of
southern Britain. Acta Palaeontologica Polonica 62 (4): 657–665.",upper M3,,,
Durlstotherium newmani,,,,,,"Sweetman, S.C., Smith, G., and Martill, D.M. 2017. Highly derived eutherian mammals from the earliest Cretaceous of southern Britain. Acta Palaeontologica Polonica 62 (4): 657–665.",upper M3,,,
Dyskritodon amazighi,,,,,,,Molar of unidentified position,,,
Ectocentrocristus foxi,,,,,,"“South American” Marsupials from the Late Cretaceous of North America and the Origin of Marsupial Cohorts 2005. Judd A Case, Francisco J. Goin and Michael O. Woodburne","AMNH 77371, m1. no measurements reported",,,
Ectoconodon montanensis,,,,,,G. G. Simpson. 1927. Mammalian Fauna of the Hell Creek Formation of Montana. American Museum Novitates 267:1-8,isolated left upper molar,,,
Endotherium niinomii,,,,,,"Reappraisal of Endotherium niinomii Shikama, 1947, a eutherian mammal from the Lower Cretaceous Fuxin Formation, Fuxin-Jinzhou Basin, Liaoning, China 2018. WANG Yuan-Qing, KUSUHASHI Nao, JIN Xun, LI Chuan-Kui, SETOGUCHI Takeshi, GAO Chun-Ling, LIU Jin-Yuan","found in coal so no width. the impressions of the m1 and m2 are 1.6 and 1.7 mm long,
respectively, and thus the true molar lengths (estimated about 2 mm) should be slightly more
than these values, but not up to the numbers given by Shikama (1947).",,,
Eoalphadon woodburnei,,,,,,"J. G. Eaton. 2009. Cenomanian (Late Cretaceous) mammals from Cedar Canyon, southwestern Utah, and a revision of Cenomanian Alphadon-like marsupials. Museum of Northern Arizona Bulletin 65:97-110",cant get paper. Requested on researchgate,,,
Eobaatar clemensi,1.6,1.1,,,,"Sweetman, S.C. 2009. A new species of the plagiaulacoid multituberculate mammal Eobaatar from the Early Cretaceous
of southern Britain. Acta Palaeontologica Polonica 54 (3): 373–384. DOI: 10.4202/app.2008.0003.",possibly tentitatively assigned?,Y,,
Eobaatar hispanicus,,,,,,"Gerhard Hahn; Renate Hahn (2002). Neue Multituberculaten-Zähne aus dem Barremium (Unter-Kreide) von Galve (Spanien). , 76(2), 257–259.         doi:10.1007/bf02989862     ",no m1,,,
Eobaatar magnus,1.724,1.178,5,5,,"KIELAN-JAWOROWSKA, Z., DASHZEVEG, D. and TROFIMOV, B. A.: Early
Cretaceous multituberculates from Mongolia and a comparison with Late Jurassic
forms. Acta Palaeont. Polonica, 38, 1-2, 3-47, 19&7 and Multituberculata from the Early Cretaceous of Mongolia
A. V. Lopatin A. O. Averianov",,,,
Eobaatar minor,,,,,,"Early Cretaceous multituberculates from Mongolia and a comparison with Late Jurassic forms
Zofia Kielan-Jaworowska, Demberlyin Dashzeveg, and Boris A. Trofimov",no m1,,,
Eobaatar pajaronensis,,,,,,"Gerhard Hahn; Renate Hahn (2001). Multitubercular teeth from the Lower Cretaceous (Barremian) of Pié Pajarón (Prov. Cuenca, Spain). , 74(4), 587-589. doi:10.1007/bf02988165 ",no m1,,,
Eodelphis browni,3.9,2.6,,,,,,,,
Eodelphis cutleri,,,,,,"A. S. Woodward. 1916. On a mammalian mandible (Cimolestes cutleri) from an Upper Cretaceous formation in Alberta, Canada. Proceedings of the Zoological Society of London 1916:525-528",roots of m1,,,
Eomaia scansoria,,,,,,"The earliest known eutherian mammal. Qiang Ji, Zhe-Xi Luo, Chong-Xi Yuan, John R. Wible, Jian-Ping Zhang & Justin A. Georgi","on slab, can't measure width",,20-25g,
Eoungulatum kudukensis,,,,,,,no m1,,,
Eozhelestes mangit,1.1,1.5,1,1,,"Alexander Averianov, J. David Archibald. 2004. Mammals from the mid-Cretaceous Khodzhakul Formation,
Kyzylkum Desert, Uzbekistan",,,,
Falepetrus barwini,,,,,,"New Late Cretaceous, North American advanced therian mammals that fit neither the marsupial nor eutherian molds 1986. William A. Clemens ; Jason A. Lillegraven",upper molars,,,
Ferugliotherium windhauseni,2.25,1.6,2,2,,Vucetichia (Gondwanatheria) Is a Junior Synonym of Ferugliotherium (Multituberculata) David W. Krause,,,,
Fumodelphodon pulveris,,2.74,,,,"Joshua E. Cohen 2017. Earliest Divergence of Stagodontid (Mammalia:
Marsupialiformes) Feeding Strategies from the Late Cretaceous
(Turonian) of North America",no length available,,,
Gallolestes agujaensis,,,,,,"Phylogenetic analysis, taxonomic revision, and dental ontogeny of the Cretaceous Zhelestidae (Mammalia: Eutheria) J. DAVID ARCHIBALD and ALEXANDER AVERIANOV",no certain m1,,,
Galulatherium jenkinsi,,,,,,,dammaged teeth,,,
Galveodon nannothus,,,,,,G. Hahn and R. Hahn. 1992. Neue Multituberculaten-Zähne aus der Unter-Kreide (Barremium) von Spanien (Galve un Uña). Geologica et Palaeontologica 26:143-162,Cant find paper,,,
Gerhardodon purbeckensis,,,,,,Multituberculate mammals from the Upper Jurassic Purbeck Limestone Formation of southern England. 1992. Z. Kielan-Jaworowska and P. C. Ensom,no m1,,,
Glasbius intricatus,1,0.7,1,1,,,,,,
Gobiconodon borissiaki,2.525,1.2375,4,4,,"Alexey Lopatin & Alexander Averianov. 2015. Gobiconodon (Mammalia) from the Early Cretaceous of Mongolia
and Revision of Gobiconodontidae", used the adults (second generation and 3rd generation) molar measurements from paper. One specimen reported in this paper are measurements from Kielan-Jaworowska and Dashzeveg (1998),,,
Gobiconodon haizhouensis,1.72,0.94,1,1,,"Nao Kusuhashi, Yuan-Qing Wang, Chuan-Kui Li & Xun Jin (2016) Two
new species of Gobiconodon (Mammalia, Eutriconodonta, Gobiconodontidae) from the Lower
Cretaceous Shahai and Fuxin formations, northeastern China, Historical Biology, 28:1-2, 14-26,
DOI: 10.1080/08912963.2014.977881",IVPP V14509,,,
Gobiconodon hoburensis,1.5275,0.825,4,4,,"Alexey Lopatin & Alexander Averianov. 2015. Gobiconodon (Mammalia) from the Early Cretaceous of Mongolia
and Revision of Gobiconodontidae",only used the adults (second generation) molar measurements from paper. One specimen reported in this paper are measurements from Kielan-Jaworowska and Dashzeveg (1998),,,
Gobiconodon hopsoni,,,,,,,no m1,,,
Gobiconodon luoianus,3,,,,,"A New Species of Gobiconodon (Mammalia) from Western Liaoning, China and its Implication for the Dental Formula of Gobiconodon
C YUAN, L XU, X ZHANG, Y XI. 2009","no width, skull and jaw fused together.",,,
Gobiconodon tomidai,,,,,,,m1 alveoli only,,,
Gobiconodon zofiae,2.3,0.9,1,1,,"Chuankui Li; Yuanqing Wang; Yaoming Hu; Jin Meng (2003). A new species ofGobiconodon(Triconodonta, Mammalia) and its implication for the age of Jehol Biota. , 48(11), 1129–1134. doi:10.1007/bf03185767 ",IVPP V12585,,,
Gobiotheriodon infinitus,,,,,,,no m1 preserved,,,
Gondwanatherium patagonicum,,,,,,,one upper molar,,,
Groebertherium novasi,,,,,,"J. F. Bonaparte. 1986. Sobre Mesungulatum houusayi y nuevos mamíferos Cretácicos de Patagonia, Argentina [On Mesungulatum houssayi and new Cretaceous mammals from Patagonia, Argentina]. Actas del IV Congreso Argentino de Paleontología y Biostratigrafía 2:48-61",,,,
Groebertherium stipanicici,,,,,,"Mammals from the Allen Formation, Late Cretaceous, Argentina 2009. Guillermo W. Rougier, Laura Chornogubsky, Silvio Casadio, Natalia Pae´z Arango, Andres Giallombardo",right upper molar,,,
Gypsonictops clemensi,,,,,,"The therian mammal fauna (campanian) of Quarry 1. Fossil Forrest study area, San Juan Basin, New Mexico. Rigby and Wolberg, 1987. in The Cretaceous-Tertiary Boundary in the San Juan and Raton Basins",m3 and P3,,,
Gypsonictops hypoconus,,,,,, G. G. Simpson. 1927. Mammalian Fauna of the Hell Creek Formation of Montana. American Museum Novitates 267:1-8,no m1 reported,,,
Hakusanobaatar matsuoi,,,,,,,no m1,,,
Hakusanodon archaeus,1.75,0.8,,,,"Rougier, Guillermo W., Isaji, Shinji, and Manabe, Makoto. 2007. AN EARLY CRETACEOUS MAMMAL FROM THE
KUWAJIMA FORMATION (TETORI GROUP), JAPAN, AND
A REASSESSMENT OF TRICONODONT PHYLOGEN",,,,
Hangjinia chowi,,,,,,"A new species of Gobiconodon (Triconodonta, Mammalia) and its implication for the age of Jehol Biota. LI Chuankui, WANG Yuanqing, HU Yaoming & MENG Jin 2003. ",lower jaw fragment with m2,,,
Hatcheritherium alpha,,,,,"“South American” Marsupials from the Late Cretaceous of North America and the Origin of Marsupial Cohorts. 2005. Judd A Case, Francisco J. Goin and Michael O. Woodburne","YPM 14912, an isolated right upper molar, probably an RM1",,,,
Heishanlestes changi,1.686666667,1.183333333,3,3,,"A New Spalacotheriid Symmetrodont from the Early Cretaceous of Northeastern China YAO-MING HU, RICHARD C. FOX, YUAN-QING WANG, AND CHUAN-KUI LI. 2005",,,,
Heishanobaatar triangulus,1.55,1.2,2,2,,"NAO KUSUHASHI , YAOMING HU , YUANQING WANG , TAKESHI
SETOGUCHI & HIROSHIGE MATSUOKA (2010) New multituberculate mammals from the Lower
Cretaceous (Shahai and Fuxin formations), northeastern China, Journal of Vertebrate Paleontology,
30:5, 1501-1514, DOI: 10.1080/02724634.2010.501435",,,,
Holoclemensia texana,1.94,1.3,,,,,,,,
Hoodootherium praeceps,,,,,,,no m1,,,
Hovurlestes noyon,1.75,1.05,1,1,,"A. V. Lopatin, and A. O. Averianov. 2017. A New Stem Placental Mammal
from the Early Cretaceous of Mongolia",,,,
Hydotherium dobsoni,,,,,,"Cretaceous mammal skulls from Mongolia. American Museum novitates; no. 225
WK Gregory, GG Simpson - 1926","AMNH 21702. Reported as Hyotheridium in Simpson 1927. PBDB has both names, with the same type specimen, but Hyotheridium has no occurrences. The two are not linked. There is an m1, but it isn't measured and no scale bar",,,
Hypomylos micros,,,,,,,"Paléobiodiversité, évolution et paléobiogéographie des vertébrés mésozoïques africains et gondwaniens : apport des gisements du Maroc oriental Maxime Lasseron",two right lower molars,,
Hypomylos phelizoni,,,,,,,unknown lower molar or pre,,,
Iberica hahni,,,,,,,upper teeth only,,,
Ichthyoconodon jaworowskorum,,,,,,,unknown lower molar,,,
Infernolestes rougieri,,,,,,,unknown lower molar,,,
Iqualadelphis lactea,,,,,,,upper jaw and teeth only,,,
Jeholodens jenkinsi,,,,,,,"not measurable, on slab",,,
Juchilestes liaoningensis,1.945,0.925,2,2,,"Chun-Ling Gao, Gregory P. Wilson, Zhe-Xi Luo, A. Murat Maga, Qingjin Meng and Xuri Wang. 2009. A new mammal skull from the Lower Cretaceous of China with implications for the evolution of obtuse-angled molars and ‘amphilestid’ eutriconodonts (sup. Mat.)",sample number (2) is left and right from one individual,,,
Jugulator amplissimus,,,,,,,unknown molars,,,
Kamptobaatar kuczynskii,1.8,1.1,1,1,,"ZOFIA KIELAN-JAWOROWSKA
NEW UPPER CRETACEOUS MULTITUBERCULATE GENERA FROM
BAYN DZAK, GOBI DESERT",,,,
Kemchugia magna,,,,,,,unknown molariformes,,,
Kennalestes gobiensis,1.65,1.05,1,1,,"ZOFIA KIELAN-JAWOROWSKA
PRELIMINARY DATA ON THE UPPER CRETACEOUS EUTHERIAN
MAMMALS FROM BAYN DZAK, GOBI DESERT",MgM-I/3,,,
Kermackia texana,,,,,,,unknown lower molar,,,
Kharmerungulatum vanvaleni,,,,,,,unknown m1 or m2,,,
Khorotherium yakutensis,,,,,,,left dentary fragment with the penultimate molariform,,,
Kielanobaatar badaohaoensis,,,,,,,no lower teeth,,,
Kielantherium gobiensis,1.415,0.745,2,2,,"Lopatin, A.V. and Averianov, A.O. 2007. Kielantherium, a basal tribosphenic mammal from the Early Cretaceous of
Mongolia, with new data on the aegialodontian dentition. Acta Palaeontologica Polonica 52 (3): 441–446.",paper refers to specimine by old name Kielantherium gobiense,,,
Kimbetohia campi,,,,,,,upper teeth only,,,
Kiyatherium cardiodens,1.8,0.9,3,3,,"A. V. Lopatina
, A. O. Averianovb
, E. N. Maschenkoa
, and S. V. Leshchinskiy. 2010. Early Cretaceous Mammals of Western Siberia:
3. Zhangheotheriidae",,,,
Kogaionon ungureanui,,,,,,,upper teeth I think,,,
Kokopellia juddi,2,0.950819672,1,1,Y IMAGE,"RICHARD L. CIFELLI. 1993. Early Cretaceous mammal from North America and the evolution of
marsupial dental characters","i4 c1 p3 m4 from Dentition and Jaw of Kokopellia juddi, a Primitive Marsupial or Near-Marsupial from the Medial Cretaceous of Utah. Richard L. Cifelli & Christian de Muizon (1997)",,,
Kollikodon ritchiei,,,,,,"A new family of monotremes feom the Creataceous of Australia
TF Flannery, M Archer, TH Rich, R Jones - Nature, 1995","m1 preserved, but no measurement presented",,,
Kouriogenys minor,1.15,0.54,1,1,,"DAVIS 2012. MICRO-COMPUTED TOMOGRAPHY REVEALS A
DIVERSITY OF PERAMURAN MAMMALS FROM THE
PURBECK GROUP (BERRIASIAN) OF ENGLAND",,,,
Kryoryctes cadburyi,,,,,,"A Tachyglossid-Like Humerus from the Early
Cretaceous of South-Eastern Australia 2005. Peter A. Pridmore, Thomas H. Rich, Pat Vickers-Rich,
and Petr P. Gambaryan",humerous,,,
Kryptobaatar dashzevegi,2.1,1.2,,,,"ZOFIA KIELAN-JAWOROWSKA
NEW UPPER CRETACEOUS MULTITUBERCULATE GENERA FROM
BAYN DZAK, GOBI DESERT",,,,
Kulbeckia kulbecke,,,,,,,upper teeth only,,,
Labes garimondi,1.26,1.5,1,1,,"Martin, Thomas; Buffetaut, Eric; Tong, Haiyan  (2015). A Late Cretaceous eutherian mammal from southwestern France. Paläontologische Zeitschrift, 89(3), 535–544. doi:10.1007/s12542-014-0231-7     ",,,,
Labes quintanillensis,,,,,,,,,,
Lactodens sheni,1.329,0.8015,2,2,,"Mao, F., Liu, C., and Meng, J. 2022. New material of the trechnotherian mammal Lactodens from the Early Cretaceous
Jehol Biota: Comparison with Origolestes and implications for mammal evolution. Acta Palaeontologica Polonica 67
(1): 135–153. and Han, Gang; Meng, Jin (2016). A new spalacolestine mammal from the Early Cretaceous Jehol Biota and implications for the morphology, phylogeny, and palaeobiology of Laurasian ‘symmetrodontans’. Zoological Journal of the Linnean Society, 178(2), 343–380. doi:10.1111/zoj.12416",only used left dentary measurements as right are reported as estimates.,,,
Lainodon orueetxebarriai,2.720930233,1.596899225,1,1,Y IMAGE,,Uncertain m1,Y,,
Lainodon ragei,,,,,,Addition to the Late Cretaceous Laño mammal faunule (Spain) and to the knowledge of European “Zhelestidae” (Lainodontinae nov.) EMMANUEL GHEERBRANT and HUMBERTO ASTIBIA. 2012,dp5,,,
Lakotalestes luoi,,,,,,,no m1,,,
Laolestes hodsoni,,,,,,W. A. Clemens and P. M. Lees. 1971. A review of English Early Cretaceous mammals. Zoological Journal of the Linnean Society 50(suppl. 1):117-130,cant find the paper,,,
Lavanify miolaka,,,,,,,unknown cheek teeth,,,
Lavocatia alfambrensis,,,,,,Two new mammalian teeth (Multituberculata and Peramura) from the Lower Cretaceous (Barremian) of Spain. Jose ? Ignacio Canudo and Gloria Cuenca-Besco ?s. 1996,type is isolated P5,,,
Leonardus cuspidatus,,,,,,"New remains of the dryolestoid mammal
Leonardus cuspidatus from the Los
Alamitos Formation (Late Cretaceous,
Argentina)
Laura Chornogubsky",only upper molars,,,
Leptalestes cooki,,,,,,"W. A. Clemens. 1966. Fossil mammals from the type Lance Formation, Wyoming. Part II. Marsupialia. University of California Publications in Geological Sciences 62:1-122",Cant find paper,,,
Leptalestes toevsi,1.7,0.98,1,1,,"John P. Hunter , Ronald E. Heinrich & David B. Weishampel (2010)
Mammals from the St. Mary River Formation (Upper Cretaceous), Montana, Journal of Vertebrate
Paleontology, 30:3, 885-898, DOI: 10.1080/02724631003763490",,,,
Liaobaatar changi,2.5,2,1,1,,"NAO KUSUHASHI , YAOMING HU , YUANQING WANG , TAKESHI
SETOGUCHI & HIROSHIGE MATSUOKA (2010) New multituberculate mammals from the Lower
Cretaceous (Shahai and Fuxin formations), northeastern China, Journal of Vertebrate Paleontology,
30:5, 1501-1514, DOI: 10.1080/02724634.2010.501435",,,,
Liaoconodon hui,,,,,,,cannot measure width due to fossilization on slab,,,
Litovoi tholocephalos,,,,,,,"An associated partial skeleton including much of the skull (partial
skull roof, complete braincase and ear region, right premaxilla
with incisors, left maxilla with complete cheek tooth row, and i1)
and postcranial elements (vertebrae, ribs, pelvic and limb bones)",,,
Lotheridium mengi,3.34,1.8,1,1,"Bi et al. (2015), A new Cretaceous Metatherian mammal from Henan, China. PeerJ 3:e896",,,,,
Loxaulax valdensis,,,,,,A. S. Woodward. 1911. On some mammalian teeth from the Wealden of Hastings. Quarterly Journal of the Geological Society 67:278-281,"broken isolated teeth. See also Sweetman, S.C. 2009. A new species of the plagiaulacoid multituberculate mammal Eobaatar from the Early Cretaceous
of southern Britain. Acta Palaeontologica Polonica 54 (3): 373–384. DOI: 10.4202/app.2008.0003.",,,
Maastrichtidelphys meurismeti,,,,,,,right upper M2,,,
Maelestes gobiensis,1.85,1.35,,,,"Wible, John R., ROUGIER, GUILLERMO W., NOVACEK, MICHAEL J., and Asher, Robert J. 2009. The Eutherian Mammal Maelestes gobiensis from the Late Cretaceous of Mongolia and the phylogeny of cretaceous eutheria",,,,
Magnimus ensomi,,,,,,"Sigogneau-Russell D. 1999. — Réévaluation des Peramura (Mammalia, Cladotheria) sur la
base de nouveaux spécimens du Crétacé inférieur d'Angleterre et du Maroc. Geodiversitas
21 (1) : 93-127. ","HOLOTYPE. — DORCM GS 627, molaire supérieure
droite : 1g = 1,27 mm ; la = 0,85 mm).
MATÉRIEL ATTRIBUÉ. — DORCM GS 332, molaire
inférieure droite : lg = 1,35 mm. ? DORCM GS 621,
molaire inférieure gauche : lg = 1,08 mm + ;
la = 0,62 mm. ",,,
Mangasbaatar udanii,10.03831418,5.900383142,1,1,Y IMAGE,"Rougier, G.W., Sheth, A.S., Spurlin, B.K., Bolortsetseg, M., and Novacek M.J. 2016. Cranio dental anatomy of a new Late Cretaceous multituberculate mammal from Udan Sayr,
Mongolia. Palaeontologia Polonica 67, 197–248.",,,,
Maotherium asiaticus,,,,,,"Evolutionary Developmentof the Middle Ear in MesozoicTherian Mammals. 2009. Qiang Ji, Zhe-Xi Luo, Xingliao Zhang, Chong-Xi Yuan, Li Xu",closed jaw so no m1 width measurement possible. M1 length would have been ,,,
Maotherium sinensis,1.5,,,,,"A New Symmetrodont Mammal with Fur Impressions
from the Mesozoic of China. 2003. ROUGIER ",no width measured. Hight is measured as 1.3,,,
Meemannodon lujiatunensis,5.33,2.9,1,1,,"A new triconodont (Mammalia) from the Early Cretaceous Yixian Formation of Liaoning, China. 2005. Jin Meng, Y.-M. Hu, Y.-Q. Wang, Conghong Li","holotype, IVPP V 13102",,,
Meiconodon lii,,,,,,,"not measurable, broken",,,
Meiconodon setoguchii,,,,,,,no m1,,,
Meniscoessus conquistus,,,,,,E. D. Cope. 1882. Mammalia in the Laramie Formation. The American Naturalist 16:830-831,perhaps 2 teeth and a humerus fragment,,,
Meniscoessus ferox,,,,,,,upper p4,,,
Mesodma primaeva,,,,,,L. M. Lambe. 1902. New genera and species from the Belly River Series (mid-Cretaceous). Geological Survey of Canada Contributions to Canadian Palaeontology 3(2):25-81,"cant find the original paper. P4 and P4 reported in Fossil Mammals from the ""Mesaverde"" Formation
(Late Cretaceous, Judithian) of the Bighom
and Wind River Basins, Wyoming, with
Definitions of Late Cretaceous
North American Land-Mammal ""Ages"" JASON A. LILLEGRAVEN AND MALCOLM C. McKENNA",,,
Mesungulatum houssayi,,,,,,,m1 looks broken,,,
Mesungulatum lamarquensis,,,,,,"Mammals from the Allen Formation, Late Cretaceous, Argentina Guillermo W. Rougier, Laura Chornogubsky, Silvio Casadio, Natalia Pae´z Arango, Andres Giallombardo. 2009",no m1,,,
Microderson laaroussii,,,,,,,upper molar,,,
Minimus richardfoxi,,,,,,"Sigogneau-Russell D. 1999. — Réévaluation des Peramura (Mammalia, Cladotheria) sur la
base de nouveaux spécimens du Crétacé inférieur d'Angleterre et du Maroc. Geodiversitas
21 (1) : 93-127. ","HOLOTYPE . — SA 122, molaire inférieure gauche ;
1g = 0,71 mm ; la = 0,55 mm.
MATÉRIEL ATTRIBUÉ. — SA 10, molaire inférieure
droite ; Ig = 0,72 mm ; la = 0,52 mm ; SA 64 molaire
inférieure gauche ; lg = 0,72 mm ; la = 0,43 mm. ",,,
Mistralestes arcensis,2.3,1.38,1,1,,"New eutherian mammals from the Late Cretaceous of Aix-en-Provence Basin, south-eastern France 
Rodolphe Tabuce, Thierry Tortosa, Monique Vianey-Liaud, Géraldine Garcia, Renaud Lebrun, Pascal Godefroit, Yves Dutour, Sévérine Berton, Xavier Valentin, Gilles Cheylan. 2013",,,,
Monobaatar mimicus,,,,,,,no m1,,,
Montanalestes keeblerorum,1.48,0.88,,,,,,,,
Mozomus shikamai,1.25,0.8,1,1,,"THE FIRST RECORD OF ""EUPANTOTHERIAN"" (THERIA,MAMMALIA) FROM THE LATE EARLY CRETACEOUS OF WESTERN LIAONING , CHINA 2005. Ll ChuanKui, Takeshi SETOGUCHI, WANG YuanQing, HU YaoMing, CHANG ZhengLu",,,,
Murtoilestes abramovi,,,,,,"A new genus of eutherian mammal from the Early
Cretaceous of Transbaikalia, Russia
ALEXANDER 0. AVERIANOV and PAVEL P. SKUTSCHAS 2001. ","ZIN 34993, right M1 and ZIN 34994, left m3",,,
Nanocuris improvida,,,,,,"A new, unusual therian mammal from the Upper Cretaceous of Saskatchewan, Canada Richard C. Fox, Craig S. Scott, Harold N. Bryant 2007.","m1 and m2 are broken, m3 complete",,,
Nemegtbaatar gobiensis,,,,,,Multituberculate Succession in the Late Cretaceuos of the Gobi Desert Mongolia. Z Kielan-Jaworowska. 1974,"measurable m1, but not from images. Check PhD jaw photos",,,
Neoplagiaulax burgessi,,,,,,,type is one left p4,,,
Nessovbaatar multicostatus,,,,,,"Djatochtatheria-a new suborder of multituberculate mammals
Z Kielan-Jaworowska, JH Hurum - Acta Palaeontologica Polonica, 1997",M1 measured but not reported,,,
Nidimys occultus,3.346666667,1.536666667,3,3,,"John P. Hunter , Ronald E. Heinrich & David B. Weishampel (2010)
Mammals from the St. Mary River Formation (Upper Cretaceous), Montana, Journal of Vertebrate
Paleontology, 30:3, 885-898, DOI: 10.1080/02724631003763490",,,,
Nortedelphys magnus,2.3,1.6,1,1,,"“South American” Marsupials from the Late Cretaceous of North America and the Origin of Marsupial Cohorts 2005. Judd A Case, Francisco J. Goin, and Michael O. Woodburne",UA 2846 From Lillegraven (1969),,,
Nortedelphys minimus,,,,,,"“South American” Marsupials from the Late Cretaceous of North America and the Origin of Marsupial Cohorts 2005. Judd A Case, Francisco J. Goin, and Michael O. Woodburne",no m1,,,
Oklatheridium minax,,,,,,"Davis, B.M. and Cifelli, R.L. 2011. Reappraisal of the tribosphenidan mammals from the Trinity Group (Aptian–Albian)
of Texas and Oklahoma. Acta Palaeontologica Polonica 56 (3): 441–462.",upper molars,,,
Oklatheridium szalayi,,1,,,,"Davis, Cifelli, Kielan-Jaworowska. Earliest Evidence of Deltatheroida
(Mammalia: Metatheria) from the Early
Cretaceous of North America. In E.J. Sargis and M. Dagosto (eds.), Mammalian Evolutionary
Morphology: A Tribute to Frederick S. Szalay, 3–24.
© Springer Science + Business Media B.V. 2008",no m1 length,,,
Oklatheridium wiblei,,,,,,,no m1 length,,,
Ortalestes tostak,,,,,,L. A. Nessov. 1997. Nemorskiye Pozvonochnyye Melovogo Perioda Severnoy Yevrazii [Cretaceous Non-Marine Vertebrates of Northern Eurasia] 1-218,Cant find paper,,,
Oxlestes grandis,,,,,,"New material of the Late Cretaceous deltatheroidan mammal Sulestes from
Uzbekistan and phylogenetic reassessment of the metatherian-eutherian dichotomy Alexander O. Averianova?, J. David Archibaldb and Eric G. Ekdalec","Oxlestes grandis Nessov, 1982, based on a large axis (CCMGE 6/11758) from the Sheikhdzheili local fauna",,,
Paleomolops langstoni,,,,,,,cant find specimen,,,
Paleoungulatum hooleyi,3.796,2.792,5,5,,"PRELIMINARY REPORT ON THE MAMMALS FROM LANE'S LITTLE JAW SITE
QUARRY: A LATEST CRETACEOUS (EARLIEST PUERCAN?) LOCAL FAUNA, HELL
CREEK FORMATION, SOUTHEASTERN MONTANA. Kelly. 2014",,,,
Pappotherium pattersoni,,,,,,,"OMNH 62417, LM2 lacking the protocone; OMNH
62433, the distobuccal corner of LM3; OMNH 67413, a fragmentary RM4; and OMNH 62427, Lmx preserving the trigonid only.",,,
Paracimexomys crossi,,,,,,"0klahoma Geological Survey Norman, 0klahoma
RL Cifelli - Oklahoma Geology Notes, 1997",p4,,,
Paracimexomys magnus,,,,,,"A. Sahni. 1972. The vertebrate fauna of the Judith River Formation, Montana. Bulletin of the American Museum of Natural History 147(6):321-412",cant find paper,,,
Paracimexomys propriscus,2.07,1.4,2,2,,"John P. Hunter , Ronald E. Heinrich & David B. Weishampel (2010)
Mammals from the St. Mary River Formation (Upper Cretaceous), Montana, Journal of Vertebrate
Paleontology, 30:3, 885-898, DOI: 10.1080/02724631003763490",,,,
Paranyctoides quadrans,,,,,,"Averianov, A.O. and Archibald, J.D. 2013. New material and reinterpretation of the Late Cretaceous eutherian mammal
Paranyctoides from Uzbekistan. Acta Palaeontologica Polonica 58 (1): 17–23.",unsure of m1 or m2. Measurements L = 1.6/1.8. W = 1.2/1.3,,,
Parazhelestes mynbulakensis,2.633802817,1.915492958,1,1,Y IMAGE,"J. DAVID ARCHIBALD and ALEXANDER AVERIANOV. 2010. Phylogenetic analysis, taxonomic revision, and dental
ontogeny of the Cretaceous Zhelestidae
(Mammalia: Eutheria)",,,,
Parazhelestes robustus,,,,,,,no m1,,,
Parendotherium herreroi,,,,,,,cant find mention of material,,,
Paressonodon nelsoni,,,,,,,maxilary fragment,,,
Pariadens mckennai,2.65,1.64,,,,,,,,
Passumys angelli,1.41,1.12,1,1,,"Cifelli, R.L., Davis, B.M., and Sames, B. 2014. Earliest Cretaceous mammals from the western United States. Acta Palaeontologica Polonica 59 (1): 31–52.",OMNH 64191,,,
Peraiocynodon inexpectatus,,,,,,G. G. Simpson. 1928. A Catalogue of the Mesozoic Mammalia in the Geological Department of the British Museum 1-215,,,,
Peramuroides tenuiscus,0.9,0.43,1,1,,"DAVIS 2012. MICRO-COMPUTED TOMOGRAPHY REVEALS A
DIVERSITY OF PERAMURAN MAMMALS FROM THE
PURBECK GROUP (BERRIASIAN) OF ENGLAND",,,,
Peramus dubius,1.07,0.5,3,3,,"DAVIS 2012. MICRO-COMPUTED TOMOGRAPHY REVEALS A
DIVERSITY OF PERAMURAN MAMMALS FROM THE
PURBECK GROUP (BERRIASIAN) OF ENGLAND",,,,
Peramus minor,,,,,,R. Owen. 1871. Monograph of the fossil Mammalia of the Mesozoic formations. 24(110):vi-115,Cant measure,,,
Peramus tenuirostris,1.22,0.515,2,2,,"DAVIS 2012. MICRO-COMPUTED TOMOGRAPHY REVEALS A
DIVERSITY OF PERAMURAN MAMMALS FROM THE
PURBECK GROUP (BERRIASIAN) OF ENGLAND",,,,
Peraspalax talpoides,,,,,,R. Owen. 1871. Monograph of the fossil Mammalia of the Mesozoic formations. 24(110):vi-115,Cant measure,,,
Phascolestes mustelula,,,,,,R. Owen. 1871. Monograph of the fossil Mammalia of the Mesozoic formations. 24(110):vi-115,"BMNH 47741, a mandible (partial left mandible) Cant find correct mandible",,,
Picopsis pattersoni,,,,,,,"2 teeth, unknown molar",,,
Plagiaulax becklesii,,,,,,,molar missing,,,
Potamotelses aquilensis,,,,,,,"Potamotelses aquilensis, described by Fox (1972)",,,
Prokennalestes minor,1.435483871,0.827419355,31,31,,A. V. Lopatin and A. O. Averianov. 2017. The Stem Placental Mammal Prokennalestes from the Early Cretaceous of Mongolia,,,,
Prokennalestes trofimovi,1.729310345,1.193103448,29,29,,A. V. Lopatin and A. O. Averianov. 2017. The Stem Placental Mammal Prokennalestes from the Early Cretaceous of Mongolia,,,,
Protalphadon foxi,,,,,,Z. Johanson. 1996. Revision of the Late Cretaceous North American marsupial genus Alphadon. Palaeontographica Abteilung A 242:127-184,Cant find paper,,,
Protalphadon lulli,,,,,,"W. A. Clemens. 1966. Fossil mammals from the type Lance Formation, Wyoming. Part II. Marsupialia. University of California Publications in Geological Sciences 62:1-122",cant find paper or any subsiquent m1s,,,
Protolambda mcgilli,,,,,"T. S. Kelly. 2014. Preliminary report on the mammals form Lane's Little Jaw Site Quarry: a latest Cretaceous (earliest Puercan?) local fauna, Hell Creek Formation, southeastern Montana. Paludicola 10(1):50-91",m2 and m3,,,,
Protungulatum coombsi,,,,,,"Protungulatum, Confirmed Cretaceous Occurrence
of an Otherwise Paleocene Eutherian (Placental?) Mammal
J. David Archibald & Yue Zhang & Tony Harper &
Richard L. Cifelli 2011. ","Holotype and only Known Specimen OMNH 64985, last left upper premolar",,,
Protungulatum gorgun,,,,,,"C. Lupton, D. Gabriel, and R. M. West. 1980. Paleobiology and depositional setting of a Late Cretaceous vertebrate locality, Hell Creek Formation, McCone County, Montana. Contributions to Geology, University of Wyoming 18(2):117-126",cant find paper,,,
Purbeckodon batei,,,,,,"P.M. Butler; D. Sigogneau-Russell; P.C. Ensom (2012). Possible persistence of the morganucodontans in the Lower Cretaceous Purbeck Limestone Group (Dorset, England). , 33(1), 0–145. doi:10.1016/j.cretres.2011.09.007 ",unidentified upper and lower molars,,,
Quirogatherium major,,,,,,,1990,,,
Reigitherium bunodontum,1.98,2.23,,,,A highly derived docodont from the Patagonian Late Cretaceous: evolutionary implications for Gondwanan mammals Rosendo PASCUAL Francisco J. GOIN,dentary with pm4-m2. scale bar in first image of paper incorrect.,,,
Repenomamus giganticus,7.5,4.7,,,,,,,,
Repenomamus robustus,,,,,,,no m1,,,
Sahnitherium rangapurensis,,,,,,,no m1,,,
Sangarotherium aquilonium,,,,,,"Averianov A, Martin T, Lopatin A, Skutschas P, Schellhorn R, Kolosov P, et al. (2018) A high-latitude fauna of mid-Mesozoic mammals from Yakutia, Russia. PLoS ONE 13(7): e0199983. https://doi.org/10.1371/journal.pone.0199983","PIN 5614/3, left dentary fragment with roots of the antepenultimate molariform tooth, the penulatimate molariform tooth, and the cryptic ultimate molariform tooth.",,,
Sasayamamylos kawaii,0.866666667,1.166666667,3,3,,"Kusuhashi N, Tsutsumi Y,Saegusa H, Horie K, Ikeda T, Yokoyama K,Shiraishi K. 2013 A new Early Cretaceouseutherian mammal from the Sasayama Group,Hyogo, Japan. Proc R Soc B 280: 20130142",,,,
Sazlestes tis,,,,,,L. A. Nessov. 1997. Nemorskiye Pozvonochnyye Melovogo Perioda Severnoy Yevrazii [Cretaceous Non-Marine Vertebrates of Northern Eurasia] 1-218,Cant find paper. Entered into PBDB by Roger B,,,
Schadipes crypticus,,,,,,,ichnofossil,,,
Scollardius propalaeoryctes,2.5,1.7,,,,"Lillegraven, J.A. 1969. Latest Cretaceous mammals of upper part of Edmonton
Formation of Alberta, Canada, and review of marsupial-placental dichotomy
in mammalian evolution. The University of Kansas Paleontological Contributions, 50: 1–122. doi:1808/3825.","measured as Cimolestes propalaeoryctes. See Fox, R. C. (2015). A revision of the Late Cretaceous–Paleocene eutherian mammal Cimolestes Marsh, 1889. for name change. Lillegraven table 17 figure 34, 4a-c",,,
Sederipes goddardensis,,,,,,,ichnofossil,,,
Shalbaatar bakht,,,,,,,no teeth,,,
Sheikhdzheilia rezvyii,0.8,1.1,1,1,,"Alexander Averianov, J. David Archibald. 2004. Mammals from the mid-Cretaceous Khodzhakul Formation,
Kyzylkum Desert, Uzbekistan",,,,
Sibirotherium rossicum,2,1.4,1,1,,"A. V. Lopatin, A. O. Averianov, E. N. Maschenko, and S. V. Leshchinskiy. 2009. Early Cretaceous Mammals of Western Siberia: 2. Tegotheriidae",,,,
Sinbadelphys schmidti,1.4,0.75,,,,,,,,
Sinobaatar fuxinensis,1.7,1.4,1,1,,"NAO KUSUHASHI , YAOMING HU , YUANQING WANG , TAKESHI
SETOGUCHI & HIROSHIGE MATSUOKA (2010) New multituberculate mammals from the Lower
Cretaceous (Shahai and Fuxin formations), northeastern China, Journal of Vertebrate Paleontology,
30:5, 1501-1514, DOI: 10.1080/02724634.2010.501435",,,,
Sinobaatar lingyuanensis,,,,,,,no m1,,,
Sinobaatar xiei,1.7,,,,,,no width,,,
Sinodelphys szalayi,,,,,,,no width because preserved on slab,,,
Sloanbaatar mirabilis,1.7,1,1,1,,"ZOFIA KIELAN-JAWOROWSKA
NEW UPPER CRETACEOUS MULTITUBERCULATE GENERA FROM
BAYN DZAK, GOBI DESERT",,,,
Sorlestes mifunensis,,,,,,"An early Late Cretaceous mammal from Japan, with reconsideration of the evolution of tribosphenic molars
T Setoguchi, T Tsubamoto, H Hanamura. 1999","m1 or m2. L = 2.6, W = 1.75",,,
Spalacolestes inconcinnus,,1.248,,,,"Cifelli et al, 1999. [PDF] Spalacotheriid symmetrodonts (Mammalia) from the medial Cretaceous (upper Albian or lower Cenomanian) Mussentuchit local fauna, Cedar Mountain",only width,,,
Spalacotheridium mckennai,,,,,,"Cifelli et al, 1999. [PDF] Spalacotheriid symmetrodonts (Mammalia) from the medial Cretaceous (upper Albian or lower Cenomanian) Mussentuchit local fauna, Cedar Mountain",only m2,,,
Spalacotherium evansae,,,,,,,unknown molars,,,
Spalacotherium henkeli,,,,,," B. Krebs. 1985. Theria (Mammalia) aus der UnterKreide von Galve (Provinz Teruel, Spanien). Berliner geowissenschaftliche, Abhandlungen A 60:29-48",cant find paper,,,
Spalacotherium hookeri,,,,,,,no m1,,,
Spalacotherium taylori,,,,,,,left lower molars,,,
Spalacotherium tricuspidens,,,,,,"New symmetrodonts (Mammalia, Theria) from the Purbeck Limestone Group, Lower Cretaceous, southern England P. Ensom and D. Sigogneau-Russell. 2000",BMNH 46019 unknown molars,,,
Spalacotheroides bridwelli,,,,,,,lower m4,,,
Spinolestes xenarthrosus,,,,,,,not possible to measure m1 due to position on slab,,,
Steropodon galmani,5,3.5,,,,,"First Mesozoic mammal from Australia—an early Cretaceous monotreme. M Archer, TF Flannery, A Ritchie, RE Molnar. Nature, 1985",Y,,
Sulestes karakshi,,,,,,,unknown if m1,,,
Sunnyodon notleyi,,,,,,,no m1,,,
Symmetrodontoides oligodontos,,,,,,Functional analysis of molars in “symmetrodontan” mammals. Thorsten Plogschties. 2019 Thesis,no m1,,,
Symmetrolestes parvus,0.67,0.78,,,,"Tsubamoto, T., Rougier, G.W., Isaji, S., Manabe, M., and Forasiepi, A.M. 2004. New Early Cretaceous spalacotheriid
“symmetrodont” mammal from Japan. Acta Palaeontologica Polonica 49 (3): 329–346",,,,
Tedoribaatar reini,,,,,,,no m1,,,
Teinolophos trusleri,,,,,,,nice dentary but m1 broken,,,
Telacodon laevis,,,,,,,no molars,,,
Thereuodon dahmani,,,,,,,upper tooth,,,
Thereuodon taraktes,,,,,,,upper teeth,,,
Tombaatar sabuli,,,,,,,no lower teeth,,,
Trapalcotherium matuastensis,,,,,,,isolated teeth,,,
Tribactonodon bonfieldi,,,,,,"The oldest tribosphenic mammal from Laurasia (Purbeck Limestone Group, Berriasian, Cretaceous, UK) and its bearing on the ‘dual origin’ of Tribosphenida. Denise Sigogneau-Russell, Jeremy J. Hooker, Paul C. Ensom. 2001",a right lower molar,,,
Tribotherium africanum,,,,,,,upper tooth,,,
Triconodon mordax,2.565789474,0.855263158,1,1,Y IMAGE,"TOOTH ERUPTION IN THE EARLY CRETACEOUS
BRITISH MAMMAL TRICONODON AND
DESCRIPTION OF A NEW SPECIES 2020. KAI R. K. JAGER, RICHARD L. CIFELLI and THOMAS MARTIN",PV OR 47764 may be most mature specimen,,,
Tricorynopus brinkmani,,,,,,,"ichnospecies, possibly aves",,,
Trioracodon ferox,,,,,,,unsure if m1 present,,,
Trioracodon major,,,,,,Owen Monograph of the fossil Mammalia of the Mesozoic formations,unsure if m1 present. Original description says m2 perserved,,,
Trioracodon oweni,,,,,,,,,,
Tsagandelta dashzevegi,,,,,,,a partial dentary with m2-m3,,,
Turgidodon lillegraveni,,,,,,,no m1,,,
Turgidodon praesagus,,,,,,,ramus with m3,,,
Turgidodon rhaister,,,,,,"T. S. Kelly. 2014. Preliminary report on the mammals form Lane's Little Jaw Site Quarry: a latest Cretaceous (earliest Puercan?) local fauna, Hell Creek Formation, southeastern Montana. Paludicola 10(1):50-91",Unknown molar,,,
Uchkudukodon nessovi,1.165,0.845,2,2,,"Archibald, J.D. and Averianov, A.O. 2006. Late Cretaceous asioryctitherian eutherian mammals from Uzbekistan and
phylogenetic analysis of Asioryctitheria. Acta Palaeontologica Polonica 51 (2): 351–376.",,,,
Ukhaatherium nessovi,,,,,,,"might have m1, not reported. Whole body fossil",,,
Unnuakomys hutchisoni,1.26,0.74,5,5,,"Northernmost record of the Metatheria: a new Late Cretaceous pediomyid from the North Slope of Alaska
JJ Eberle et al. 2019",,,,
Uzbekbaatar kizylkumensis,,,,,,,no m1,,,
Uzbekbaatar wardi,,,,,,,left p4,,,
Valenopsalis joyneri,,,,,,,only maxila,,,
Valentinella vitrollense,3.4,2.35,1,1,,"Tabuce, R., Vianey?Liaud, M., and Garcia, G. 2004. A eutherian mammal in the latest Cretaceous of Vitrolles, southern
France. Acta Palaeontologica Polonica 49 (3): 347–356","m1: L = 4.04, W = 2.8, LTa = 2.45 from New eutherian mammals from the Late Cretaceous of Aix-en-Provence Basin, south-eastern France 
Rodolphe Tabuce, Thierry Tortosa, Monique Vianey-Liaud, Géraldine Garcia, Renaud Lebrun, Pascal Godefroit, Yves Dutour, Sévérine Berton, Xavier Valentin, Gilles Cheylan 2013.",,,
Varalphadon creber,,,,,," Marsupial mammals from the early Campanian Milk River Formation, Alberta, Canada. Zoological Journal of the Linnean Society 50(suppl. 1):145-164",cant find paper,,,
Varalphadon crebreforme,,,,,,M2,,,,
Varalphadon janetae,,,,,,m3,,,,
Vincelestes neuquenianus,,,,,,"Description of a Cranial Endocast From
the Fossil Mammal Vincelestes
neuquenianus (Theriiformes) and Its
Relevance to the Evolution of
Endocranial Characters in Therians
THOMAS E. MACRINI,1
* GUILLERMO W. ROUGIER,2 AND TIMOTHY ROWE1","m1 not able to be accessed for measurements. body mass estimated as 619 g for
MACN-N 04 based on something other than m1",,,
Vintana sertichi,,,,,,,skull only,,,
Viridomys orbatus,,,,,,,fragments of teeth,,,
Yanoconodon allini,,,,,,,unlikely that m1 can be properly measured as on slab,,,
Yaverlestes gassoni,0.826,0.762,,,,"STEVEN C. SWEETMAN, 2008. A spalacolestine spalacotheriid (Mammalia, Trechnotheria) from the Early Cretaceous (Barremian) of southern England and its bearing on spalacotheriid evolution",,,,
Yubaatar zhongyuanensis,9.2,3.58,,,,"Largest known Mesozoic multituberculate from Eurasia and implications for multituberculate evolution and biology Li Xu, Xingliao Zhang, Hanyong Pu, Songhai Jia, Jiming Zhang, Junchang Lü & Jin Meng",,,,
Zalambdalestes grangeri,2.31,1.91,,,,"ZOFIA KIELAN-JAWOROWSKA
PRELIMINARY DATA ON THE UPPER CRETACEOUS EUTHERIAN
MAMMALS FROM BAYN DZAK, GOBI DESERT",Z. Pal. MgM-1/14,,,
Zalambdalestes lechei,,,,,,,AMNH 21708 has m1 and would be measurable in person but not from the photo. Check phd images of jaws.,,,
Zhalmouzia bazhanovi,,,,,,,m1 missing from mandable,,,
Zhangheotherium quinquecuspidens,1.5,1,1,1,,"A new symmetrodont mammal from China and its implications for mammalian evolution Yaoming Hu, Yuanqing Wang, Zhexi Luo & Chuankui Li",,,,
Zhangolestes jilinensis,2.18,1.65,,,,,,,,
Zhelestes temirkazyk,2.394230769,1.692307692,1,1,Y IMAGE,"J. DAVID ARCHIBALD and ALEXANDER AVERIANOV. 2010. Phylogenetic analysis, taxonomic revision, and dental
ontogeny of the Cretaceous Zhelestidae
(Mammalia: Eutheria)",,,,
Zofialestes longidens,2.43,1.95,,,,"Fostowicz-Frelik, ?. 2016. A new zalambdalestid (Eutheria) from the Late Cretaceous of
Mongolia and its implications for the origin of Glires. Palaeontologia Polonica 67, 127–136.
LSID urn:lsid:zoobank.org:pub:DC3BF9B8-6689-46FD-AF5C-116A5195F68A",,,,
Zygiocuspis goldingi,,,,,,A PRIMITIVE HIGHER MAMMAL FROM THE LATE CRETACEOUS OF SOUTHERN UTAH RICHARD L. CIFELL,single upper molar,,,
Mesodma sp.,2.11,1.01,1,1,,,UW 17044a,,,
Vilevolodon diplomylos,2.14,1.255,2,2,,,sample number (2) is left and right dentary of same individual,,,
Scalaridelphys martini,3.085,1.755,2,2,,"Joshua E. Cohen, Brian M. Davis & Richard L. Cifelli (2020) Geologically
Oldest Pediomyoidea (Mammalia, Marsupialiformes) from the Late Cretaceous of North America,
with Implications for Taxonomy and Diet of Earliest Late Cretaceous Mammals, Journal of
Vertebrate Paleontology, 40:5, e1835935, DOI: 10.1080/02724634.2020.1835935",new name for Scalaria martini,,,
Bocaconodon tamaulipensis,,,,,,,no m1,,,
Altacreodus magnus,5.25,3.5,1,1,,"Lillegraven, J.A. 1969. Latest Cretaceous mammals of upper part of Edmonton
Formation of Alberta, Canada, and review of marsupial-placental dichotomy
in mammalian evolution. The University of Kansas Paleontological Contributions, 50: 1–122. doi:1808/3825.","based on UALVP 3791 only. Measurements reported as Cimolestes magnus, but see Fox, R. C. (2015). A revision of the Late Cretaceous–Paleocene eutherian mammal Cimolestes Marsh, 1889.",,,
Xianshou songae,1.577235772,0.829268293,1,1,Y IMAGE,"Bi, Shundong; Wang, Yuanqing; Guan, Jian; Sheng, Xia; Meng, Jin (2014). Three new Jurassic euharamiyidan species reinforce early divergence of mammals. Nature, 514(7524), 579–584. doi:10.1038/nature13718 ",,Y,,
Xianshou linglong,2.292682927,1.463414634,1,1,Y IMAGE,"Bi, Shundong; Wang, Yuanqing; Guan, Jian; Sheng, Xia; Meng, Jin (2014). Three new Jurassic euharamiyidan species reinforce early divergence of mammals. Nature, 514(7524), 579–584. doi:10.1038/nature13718 ",,Y,,
Rewaconodon indicus,,,,,,,no m1,,,
Inditherium floris,,,,,,,no m1,,,
Tikiodon cromptoni,,,,,,,no m1,,,
Storchodon cingulatus,,,,,,,right upper molar,,,
Simpsonodon sibiricus,,,,,,"NEW DOCODONTANS FROM THE MIDDLE JURASSIC OF SIBERIA AND REANALYSIS OF DOCODONTA INTERRELATIONSHIPS A.O. Averianov, A.V. Lopatin, S.A. Krasnolutskii and S.V. Ivantsov","unknown molars. PIN 5087/5: antepenultimate
molariform tooth: L=1.6, W=0.8; penultimate molariform tooth: L=1.5, W=0.8; ultimate molariform
tooth: L=1.2, W=0.7",,,
Millsodon superstes,2.4,1.4,1,1,,"Butler, P.M. and Hooker, J.J. 2005. New teeth of allotherian mammals from the English Bathonian, including the earliest
multituberculates. Acta Palaeontologica Polonica 50 (2): 185–207",BMNH M46645,,,
Kirtlingtonia catenata,,,,,,"Butler, P.M. and Hooker, J.J. 2005. New teeth of allotherian mammals from the English Bathonian, including the earliest
multituberculates. Acta Palaeontologica Polonica 50 (2): 185–207",no m1,,,
Polonodon wozniekiensis,,,,,,"Tomasz Sulej, Grzegorz Nied?wiedzki, Mateusz Ta?anda, Dawid Dró?d? &
Ewa Hara (2020) A new early Late Triassic non-mammaliaform eucynodont from Poland, Historical
Biology, 32:1, 80-92, DOI: 10.1080/08912963.2018.1471477",unknown molars,,,
Adalatherium hui,,,,,,,no measurable m1,,,
Cifellilestes ciscoensis,,,,,,"B. M. Davis, K. R. K. Jäger, G. W. Rougier, K. Trujillo, and K. Chamberlain. 2022. A morganucodontan mammaliaform from the Upper Jurassic Morrison Formation, Utah, USA. Acta Palaeontologica Polonica 67(1):77-93",upper dentition only,,,
Triconodon averianovi,2.13592233,0.995145631,1,1,Y IMAGE,"TOOTH ERUPTION IN THE EARLY CRETACEOUS
BRITISH MAMMAL TRICONODON AND
DESCRIPTION OF A NEW SPECIES 2020. KAI R. K. JAGER, RICHARD L. CIFELLI and THOMAS MARTIN",NHMUK PV OR 48395 ,,,
Bryceomys fumosus,2.66,1.61,2,2,,CENOMANIAN AND TURONIAN (EARLY LATE CRETACEOUS) MULTITUBERCULATE MAMMALS FROM SOUTHWESTERN UTAH JEFFREY G. EATON,,,,
Kryoparvus gerriti,,,,,,"Rich et al, 2020. A Third, Remarkably Small, Tribosphenic Mammal from the Mesozoic of Australia",m1 broken. VERY small mammal,,1.51g - 1.07g,
Cifelliodon wahkarmoosuch,,,,,,"A. K. Huttenlocker, D. M. Grossnickle, J. I. Kirkland, J. A. Schultz, and Z.-X. Luo. 2018. Late-surviving stem mammal links the lowermost Cretaceous of North America and Gondwana. Nature",,,0.91–1.27 kg,
Hercynodon germanicus,,,,,,"A derived dryolestid mammal indicates possible insular endemism
in the Late Jurassic of Germany. 2020.
Thomas Martin & Alexander O. Averianov & Julia A. Schultz & Achim H. Schwermann & Oliver Wings",isolated upper molars,,,
Polonodon woznikiensis,,,,,,"Tomasz Sulej, Grzegorz Nied?wiedzki, Mateusz Ta?anda, Dawid Dró?d? &
Ewa Hara (2020) A new early Late Triassic non-mammaliaform eucynodont from Poland, Historical
Biology, 32:1, 80-92, DOI: 10.1080/08912963.2018.1471477",unknown teeth,,,
