Accepted.Name;mean.m1.length;mean.m1.width;overall.n.sampled.m1.length;overall.n.sampled.m1.width;measured.m1;ref;notes;Uncertain;alt.body.mass;continent
Abrosomys agasma;;;;;;;paper not found;;;
Acristatherium yanensis;1.3;NA;;;;"Hu, Yaoming, et al. ""New basal eutherian mammal from the Early Cretaceous Jehol biota, Liaoning, China."" Proceedings of the Royal Society B: Biological Sciences 277.1679 (2010): 229-236.";doesn’t have m1 width;;;
Aetiocetus polydentatus;;;;;;"L. G. Barnes, M. Kimura, H. Furusawa and H. Sawamura. 1995. Classification and distribution of Oligocene Aetiocetidae (Mammalia; Cetacea; Mysticeti) from western North America and Japan. The Island Arc 3(4):392-431";m1 not found;;;
Afrasia djijidae;;;;;;"Chaimanee, Yaowalak, et al. ""Late Middle Eocene primate from Myanmar and the initial anthropoid colonization of Africa."" Proceedings of the National Academy of Sciences 109.26 (2012): 10293-10297.";m1 not found;;;
Akidolestes cifelli;;;;;to measure;"Li, Gang, and Zhe-Xi Luo. ""A Cretaceous symmetrodont therian with some monotreme-like postcranial features."" Nature 439.7073 (2006): 195-200.";measure from picture;;;
Aksyiromys dalos;1.8;0.82;8;8;;"Emry, Robert J., et al. ""Rodents of the middle Eocene Shinzhaly fauna of Eastern Kazakstan."" Journal of Vertebrate Paleontology 18.1 (1998): 218-227.";;;;
Aktashmys montealbus;1.67;1.58;14;13;;"Averianov, A. O., and A. V. Lopatin. ""Eocene lagomorphs (Mammalia) of Asia: 1. Aktashmys (Strenulagidae fam. nov.)."" PALEONTOLOGICAL JOURNAL C/C OF PALEONTOLOGICHESKII ZHURNAL 39.3 (2005): 308.";;;;
Alaymys ctenodactylus;1.3;1.2;;;;"Averianov, Alexander. ""early eocene Rodentia of Kyrgyzstan."" Bulletin du Muséum national d’Histoire naturelle 18 (1996): 629-662.";;;;
Allostylops periconotus;;;;;;;paper not found;;;
Altilambda minor;;;;;;;paper not found;;;
Ambulocetus natans;;;;;;"Thewissen, Johannes GM, S. Taseer Hussain, and Muhammad Arif. ""Fossil evidence for the origin of aquatic locomotion in archaeocete whales."" Science 263.5144 (1994): 210-212.";doesn’t have m1;;;
Amphechinus akespensis;4.8;2.3;1;1;;"Lopatin, A. V. ""Oligocene and early miocene insectivores (Mammalia) from Western Kazakhstan."" PALEONTOLOGICAL JOURNAL C/C OF PALEONTOLOGICHESKII ZHURNAL 33 (1999): 182-191.";;;;
Amphechinus kansuensis;;;;;;;cant find specimen;;;
Amynodon altidens;;;;;;;paper not found;;;
Amynodon lunanensis;;;;;;;paper not found;;;
Amynodon watanabei;;;;;;;paper not found;;;
Anatoliadelphys maasae;5.2;NA;1;_;;;doesn’t have m1 width;;;
Anatolianycteris insularis;1.57;0.90;1;1;;"Jones, Matthew F., et al. ""A stem bat (Chiroptera: Palaeochiropterygidae) from the late middle Eocene of northern Anatolia: implications for the dispersal and palaeobiology of early bats."" Palaeobiodiversity and Palaeoenvironments 99 (2019): 261-269.";;;;
Anatolimys rozhdestvenskii;3.6;3.7;1;1;;"Kraatz, Brian P., Demchig Badamgarav, and Faysal Bibi. ""Gomphos ellae, a new mimotonid from the middle Eocene of Mongolia and its implications for the origin of Lagomorpha."" Journal of Vertebrate Paleontology 29.2 (2009): 576-583.";;;;
Andrewsarchus crassum;;;;;;;paper not found;;;
Andrewsiphius sloani;2.5;NA;;;;"Sahni, A., and V. P. Mishra. ""A new species of Protocetus (Cetacea) from the middle Eocene of Kutch, western India."" Palaeontology 15.3 (1972): 490-495.";doesn’t have m1 width;;;
Ansomys crucifer;;;;;;"Lopatin, A. V. ""The first finding of Ansomys (Aplodontidae, Rodentia, Mammalia) in the Miocene of Kazakhstan."" PALEONTOLOGICAL JOURNAL C/C OF PALEONTOLOGICHESKII ZHURNAL 31 (1997): 667-670.";m1 not found;;;
Anthracobune aijiensis;17.4;11.65;2;2;;"Kumar, Kishor. ""Anthracobune aijiensis nov. sp.(Mammalia: Proboscidea) from the Subathu Formation, Eocene from NW Himalaya, India."" Geobios 24.2 (1991): 221-239.";;;;
Anthracobune daviesi;;;;;;"Pilgrim, Guy E. ""Middle Eocene Mammals from North?west India."" Proceedings of the zoological society of London. Vol. 110. No. 1?2. Oxford, UK: Blackwell Publishing Ltd, 1940.";m1 not found;;;
Anthracobune pinfoldi;;;;;;"Pilgrim, Guy E. ""Middle Eocene Mammals from North?west India."" Proceedings of the zoological society of London. Vol. 110. No. 1?2. Oxford, UK: Blackwell Publishing Ltd, 1940.";m1 not found;;;
Anthracobune wardi;;;;;;"Pilgrim, Guy E. ""Middle Eocene Mammals from North?west India."" Proceedings of the zoological society of London. Vol. 110. No. 1?2. Oxford, UK: Blackwell Publishing Ltd, 1940.";m1 not found;;;
Anthracokeryx birmanicus;12.24;7.99;9;9;;"Soe, Aung Naing. ""A new study of the anthracotheres (Mammalia, Artiodactyla) from Pondaung Formation, Myanmar: systematics implications."" Palaeovertebrata 36.1–4 (2008): 89-157.";;;;
Anthracokeryx naduongensis;13.3;7.2;1;1;;"Ducrocq, Stéphane, et al. ""New anthracotheres (Cetartiodactyla, Mammalia) from the Paleogene of northeastern Vietnam: biochronological implications."" Journal of Vertebrate Paleontology 35.3 (2015): e929139.";;;;
Anthracokeryx tenuis;9.4;5.76;17;17;;"Soe, Aung Naing. ""A new study of the anthracotheres (Mammalia, Artiodactyla) from Pondaung Formation, Myanmar: systematics implications."" Palaeovertebrata 36.1–4 (2008): 89-157.";;;;
Anthraconyx hypsomylus;6.20;9.7;1;1;;"Rose, Kenneth D., et al. ""New hypsodont tillodont (Mammalia, Tillodontia) from the early Eocene of India."" Journal of Paleontology 87.5 (2013): 842-853.";;;;
Anthracotherium bellia;;;;;;;paper not found;;;
Anthracotherium bugtiense;;;;;;;paper not found;;;
Anthracotherium chaimanei;;;;;;;paper not availble on google scholar;;;
Anthracotherium changlingensis;;;;;;;paper not availble on google scholar;;;
Anthracotherium chengbiensis;;;;;;;specimen not found;;;
Anthracotherium crassum;17.74;12.25;15;15;;"Soe, Aung Naing. ""A new study of the anthracotheres (Mammalia, Artiodactyla) from Pondaung Formation, Myanmar: systematics implications."" Palaeovertebrata 36.1–4 (2008): 89-157.";;;;
Anthracotherium gungkangensis;;;;;;;paper not found;;;
Anthracotherium kwablianicum;;;;;;;paper not found;;;
Anthracotherium pangan;22.30;15.98;8;8;;"Soe, Aung Naing. ""A new study of the anthracotheres (Mammalia, Artiodactyla) from Pondaung Formation, Myanmar: systematics implications."" Palaeovertebrata 36.1–4 (2008): 89-157.";;;;
Aprotodon smithwoodwardi;;;;;;;paper not found;;;
Aralosorex kalini;;;;;to measure;"Lopatin, A. V. ""New early miocene shrews (Soricidae, mammalia) from Kazakhstan."" (2004).";measure from picture;;;
Arboroharamiya allinhopsoni;;;;;to measure;"Han, Gang, et al. ""A Jurassic gliding euharamiyidan mammal with an ear of five auditory bones."" Nature 551.7681 (2017): 451-456.";measure from picture;;;
Archaeonycteris storchi;1.50;1.95;1;1;;"Smith, Thierry, et al. ""High bat (Chiroptera) diversity in the Early Eocene of India."" Naturwissenschaften 94 (2007): 1003-1009.";;;;
Archaeoryctes notialis;;;;;;;paper not found;;;
Archaeotragulus krabiensis;7.71;7.26;3;3;;"Métais, Grégoire, et al. ""New remains of primitive ruminants from Thailand: evidence of the early evolution of the Ruminantia in Asia."" Zoologica Scripta 30.4 (2001): 231-248.";;;;
Argyromys aralensis;2.30;1.67;1;1;;"López-Guerrero, Paloma, et al. ""A new species of Argyromys (Rodentia, Mammalia) from the Oligocene of the Valley of Lakes (Mongolia): Its importance for palaeobiogeographical homogeneity across Mongolia, China and Kazakhstan."" PloS one 12.3 (2017): e0172733.";;;;
Arsinoitherium zitteli;;;;;;;m1 not found;;;
Artiocetus clavis;;;;;;;m1 not found;;;
Aseanpithecus myanmarensis;;;;;;"Jaeger, Jean-Jacques, et al. ""New Eocene primate from Myanmar shares dental characters with African Eocene crown anthropoids."" Nature Communications 10.1 (2019): 3531.";m1 not found;;;
Ashokia antiqua;;;;;;"Bajpai, Sunil, et al. ""A new middle Eocene sirenian (Mammalia, Protosirenidae) from India."" Neues Jahrbuch fur Geologie und Palaontologie-Abhandlungen 252.3 (2009): 257-267.";m1 not found;;;
Ashoroa laticosta;;;;;;;paper not availble, only citation found;;;
Asiabradypus incompositus;;;;;;;paper not availble, only citation found;;;
Asiadapis cambayensis;2.85;3.80;1;1;;"Rose, Kenneth D., et al. ""A new adapoid primate from the early Eocene of India."" (2007).";;;;
Asiadapis tapiensis;;;;;;;specimen not found;;;
Asiadidelphis akbarbugtii;;;;;;;m1 not found;;;
Asianeomys yanshini;;;;;;;specimen not found;;;
Asiaparamys shevyrevae;;;;;;;paper not availble on google scholar;;;
Asiohomacodon myanmarensis;7.0;8.3;1;1;;"Tsubamoto, Takehisa, et al. ""Reevaluation of some ungulate mammals from the Eocene Pondaung Formation, Myanmar."" Paleontological Research 7.3 (2003): 219-243.";;;;
Asiostylops spanios;;;;;;;paper not availble on google scholar;;;
Aspanlestes aptap;2.19;3.07;8;8;;"Archibald, J. David, and Alexander Averianov. ""Phylogenetic analysis, taxonomic revision, and dental ontogeny of the Cretaceous Zhelestidae (Mammalia: Eutheria)."" Zoological Journal of the Linnean Society 164.2 (2012): 361-426.";;;;
Asterattus longicristatus;;;;;;;paper not found;;;
Atasorex edax;1.9;1.25;1;1;;"Lopatin, A. V. ""Early Miocene small mammals from the North Aral region (Kazakhstan) with special reference to their biostratigraphic significance."" (2004).";;;;
Atavocricetodon paaliense;1.13;0.77;1;1;;"Marivaux, Laurent, Monique Vianey-Liaud, and Jean-Loup Welcomme. ""Première découverte de Cricetidae (Rodentia, Mammalia) oligocènes dans le synclinal sud de Gandoï (Bugti Hills, Balouchistan, Pakistan)."" Comptes Rendus de l'Académie des Sciences-Series IIA-Earth and Planetary Science 329.11 (1999): 839-844.";;;;
Atropatenocetus posteocenicus;;;;;;;paper not found;;;
Attockicetus praecursor;;;;;;"Cooper, Lisa Noelle, J. G. M. Thewissen, and S. T. Hussain. ""New middle eocene archaeocetes (Cetacea: Mammalia) from the Kuldana formation of northern Pakistan."" Journal of Vertebrate Paleontology 29.4 (2009): 1289-1299.";m1 not found;;;
Aulaxolophus quadrangularis;;;;;;;paper not availble on google scholar;;;
Avashishta bacharamensis;;;;;;;m1 not found;;;
Babiacetus indicus;;;;;;;paper not availble on google scholar;;;
Babiacetus mishrai;;;;;;;m1 not found;;;
Bahinia banyueae;;;;;;;m1 not found;;;
Bahinia pondaungensis;3.0;2.4;1;1;;"Jaeger, J-J., et al. ""A new primate from the middle Eocene of Myanmar and the Asian early origin of anthropoids."" Science 286.5439 (1999): 528-530.";;;;
Balochititanops haqi;18.1;11.7;3;3;;"Missiaen, Pieter, Gregg F. Gunnell, and Philip D. Gingerich. ""New Brontotheriidae (Mammalia, Perissodactyla) from the early and middle Eocene of Pakistan with implications for mammalian paleobiogeography."" Journal of Paleontology 85.4 (2011): 665-677.";;;;
Baluchimys barryi;;;;;;;paper not found;;;
Baluchimys chaudryi;;;;;;;paper not found;;;
Baluchimys ganeshapher;;;;;;;paper not found;;;
Baluchimys krabiense;;;;;;"Marivaux, Laurent, et al. ""A new baluchimyine rodent from the Late Eocene of the Krabi Basin (Thailand): palaeobiogeographic and biochronologic implications."" Comptes Rendus de l'Académie des Sciences-Series IIA-Earth and Planetary Science 331.6 (2000): 427-433.";m2 found not m1;;;
Baluchitherium osborni;;;;;;;m1 not found;;;
Barunlestes butleri;5.2;0.58;8;8;;"Fostowicz-Frelik, ?. U. C. J. A. ""A new zalambdalestid (Eutheria) from the Late Cretaceous of Mongolia and its implications for the origin of Glires."" Palaeontologia Polonica 67 (2016): 127-136.";;;;
Basalina basalensis;;;;;;;paper not availble on google scholar;;;
Basalomys ijlsti;;;;;;"KUMAR, Kishor, Rahul SRIVASTAVA, and Ashok SAHNI. ""MIDDLE EOCENE RODENTS FROM THE SUBATHU GROUP.""";m2 and m3 found not m1;;;
Basalomys lavocati;;;;;;;paper not availble on google scholar;;;
Basalomys vandermeuleni;1.79;1.53;16;16;;"KUMAR, Kishor, Rahul SRIVASTAVA, and Ashok SAHNI. ""MIDDLE EOCENE RODENTS FROM THE SUBATHU GROUP.""";;;;
Basilosaurus isis;;;;;;;m1 not found;;;
Basiloterus hussaini;;;;;;"Gingerich, Philip D., et al. ""Basilosaurus drazindai and Basiloterus hussaini, new Archaeoceti (Mammalia, Cetacea) from the middle Eocene Drazinda Formation, with a revised interpretation of ages of whale-bearing strata in the Kirthar Group of the Sulaiman Range, Punjab (Pakistan)."" (1997).";m1 not found;;;
Behemotops katsuiei;;;;;;;paper not availble on google scholar;;;
Bemalambda dingae;;;;;;;paper not availble on google scholar;;;
Bemalambda nanhsiungensis;;;;;;;paper not availble on google scholar;;;
Bemalambda pachyoesteus;;;;;;;paper not availble on google scholar;;;
Benaratherium callistrati;;;;;;;paper not found;;;
Bharatisiren indica;;;;;;;m1 not found;;;
Bharattherium bonapartei;;;;;;;paper not availble on google scholar;;;
Birbalomys ibrahimshahi;2.46;2.13;7;7;;"KUMAR, Kishor, Rahul SRIVASTAVA, and Ashok SAHNI. ""MIDDLE EOCENE RODENTS FROM THE SUBATHU GROUP.""";;;;
Birbalomys sondaari;2.26;2.3;21;21;;"KUMAR, Kishor, Rahul SRIVASTAVA, and Ashok SAHNI. ""MIDDLE EOCENE RODENTS FROM THE SUBATHU GROUP.""";;;;
Birbalomys woodi;2.39;2.13;19;19;;"KUMAR, Kishor, Rahul SRIVASTAVA, and Ashok SAHNI. ""MIDDLE EOCENE RODENTS FROM THE SUBATHU GROUP.""";;;;
Blentosomys dasikerkos;;;;;;;paper not found;;;
Bohlinosminthus cubitalus;0.95;0.70;30;30;;"Lopatin, A. V. ""New Early Miocene Zapodidae (Rodentia, Mammalia) from the Aral Formation of the Altynshokysu Locality (North Aral Region)."" PALEONTOLOGICAL JOURNAL C/C OF PALEONTOLOGICHESKII ZHURNAL 33 (1999): 429-438.";;;;
Bolosomys brachybamon;;;;;;;specimen not found;;;
Bothriodon chowi;;;;;;;paper not availble on google scholar;;;
Bothriodon sandaensis;19.7;20.6;1;1;;"Tsubamoto, Takehisa, et al. ""Geological age of the Yokawa Formation of the Kobe Group (Japan) on the basis of terrestrial mammalian fossils."" Island Arc 16.3 (2007): 479-492.";;;;
Bothriogenys fraasi;;;;;;;paper not availble on google scholar;;;
Bothriogenys gorringei;;;;;;;paper not found;;;
Bothriogenys hui;;;;;;;paper not availble on google scholar;;;
Bothriogenys langsonensis;16.7;12.7;1;1;;"Ducrocq, Stéphane, et al. ""New anthracotheres (Cetartiodactyla, Mammalia) from the Paleogene of northeastern Vietnam: biochronological implications."" Journal of Vertebrate Paleontology 35.3 (2015): e929139.";;;;
Bothriogenys orientalis;;;;;;;paper not availble on google scholar;;;
Bothriogenys vietnamensis;13.9;8.5;2;2;;"Ducrocq, Stéphane, et al. ""New anthracotheres (Cetartiodactyla, Mammalia) from the Paleogene of northeastern Vietnam: biochronological implications."" Journal of Vertebrate Paleontology 35.3 (2015): e929139.";;;;
Bothriostylops medius;3.1;1.4;1;1;;"HUANG XueShi, ZHENGJiaJian. ""Note on two new mammalian species from the late Paleocene of Nanxiong, Guangdong."" Vertebrata PalAsiatica 41.04 (2003): 271.";;;;
Bothriostylops notios;;;;;;;paper not availble on google scholar;;;
Brachyhyops yunnanense;13.2;9.6;1;1;;"Ban-Yue, W. A. N. G., and Q. I. U. Zhan-Xiang. ""A new species of Entelodontidae (artiodactyla, mammalia) from late Eocene of Nei Mongol, China."" Vertebrata PalAsiatica 40.03 (2002): 194.";;;;
Bransatoglis complicatus;;;;;;;paper not found;;;
Bransatoglis sjeni;;;;;;;paper not availble on google scholar;;;
Breviodon lumeiyiensis;;;;;;;paper not availble on google scholar;;;
Buginbaatar transaltaiensis;;;;;;;m1 not found;;;
Bugtilemur mathesoni;2.25;1.53;1;1;;"Marivaux, Laurent, et al. ""A fossil lemur from the Oligocene of Pakistan."" Science 294.5542 (2001): 587-591.";;;;
Bugtimys zafarullahi;3.11;2.46;1;1;;"Marivaux, Laurent, et al. ""The role of Asia in the origin and diversification of hystricognathous rodents."" Zoologica scripta 31.3 (2002): 225-239.";;;;
Bugtipithecus inexpectans;;;;;;;m1 not found;;;
Bugtitherium grandincisivum;;;;;;"Métais, Grégoire, et al. ""New remains of the enigmatic cetartiodactyl Bugtitherium grandincisivum Pilgrim, 1908, from the upper Oligocene of the Bugti Hills (Balochistan, Pakistan)."" Naturwissenschaften 93 (2006): 348-355.";m3 found not m1;;;
Bulganbaatar nemegtbaataroides;;;;;;Kielan-Jaworowska, Zofia. Multituberculate Succession in the Late Cretaceuos of the Gobi Desert Mongolia. Krakow, 1974.;m1 not found;;;
Bunobrontops savagei;;;;;;"Holroyd, Patricia A., and Russell L. Ciochon. ""Bunobrontops savagei a new genus and species of brontotheriid perissodactyl from the Eocene Pondaung fauna of Myanmar."" Journal of Vertebrate Paleontology 20.2 (2000): 408-410.";not sure if its m1 or m2;;;
Cadurcodon kazakademius;;;;;;;pape rnot found;;;
Cambaya complexus;1.75;2.5;1;1;;"Smith, Thierry, et al. ""High bat (Chiroptera) diversity in the Early Eocene of India."" Naturwissenschaften 94 (2007): 1003-1009.";;;;
Cambaylophus vastanensis;;;;;;;paper not found;;;
Cambaytherium gracilis;9.47;12.48;3;3;;"Smith, Thierry, et al. ""New early Eocene vertebrate assemblage from western India reveals a mixed fauna of European and Gondwana affinities."" Geoscience Frontiers 7.6 (2016): 969-1001.";;;;
Cambaytherium marinus;;;;;;;specimen not found;;;
Cambaytherium thewissi;11.86;16.56;11;11;;"Rose, Kenneth D., et al. ""Anatomy, relationships, and paleobiology of Cambaytherium (Mammalia, Perissodactylamorpha, Anthracobunia) from the lower Eocene of western India."" Journal of Vertebrate Paleontology 39.sup1 (2019): 1-147.";;;;
Capacikala sajakensis;;;;;;;paper not found;;;
Carnilestes major;3.5;3.9;1;1;;"Wang, Xiaoming, and Renjie Zhai. ""Carnilestes, a new primitive lipotyphlan (Insectivora: Mammalia) from the early and middle Paleocene, Nanxiong Basin, China."" journal of Vertebrate Paleontology 15.1 (1995): 131-145.";;;;
Carnilestes palaeoasiaticus;2.2;2.7;1;1;;"Wang, Xiaoming, and Renjie Zhai. ""Carnilestes, a new primitive lipotyphlan (Insectivora: Mammalia) from the early and middle Paleocene, Nanxiong Basin, China."" journal of Vertebrate Paleontology 15.1 (1995): 131-145.";;;;
Cephalogale meschethense;;;;;;;paper not found;;;
Chaoyangodens lii;;;;;;;paper not accessible;;;
Chapattimys debruijni;;;;;;"Hartenberger, Jean-Louis. ""A review of the Eocene rodents of Pakistan."" (1982).";m3 found not m1;;;
Chapattimys wilsoni;;;;;;;paper not availble on google scholar;;;
Chaprongictis phetchaburiensis;20.0;9.7;1;1;;"Peigné, Stéphane, et al. ""A new member of the Mustelida (Mammalia: Carnivora) from the Paleogene of Southern Asia."" Journal of Vertebrate Paleontology 26.3 (2006): 788-793.";;;;
Chibanycteris herberti;;;;;;;m2 found not m1;;;
Chkhikvadzomys elpisma;;;;;;;specimen not found;;;
Chonecetus tomitai;;;;;;;specimen not found;;;
Chonecetus yabukii;;;;;;;specimen not found;;;
Chorlakkia hassani;3.6;5.1;1;1;;"Gingerich, Philip D., et al. ""Chorlakkia hassani, a new middle Eocene dichobunid (Mammalia, Artiodactyla) from the Kuldana Formation of Kohat (Pakistan)."" (1979).";;;;
Cocomys lingchaensis;;;;;;;m1 not found;;;
Colodon orientalis;;;;;;;specimen not found;;;
Cretasorex arkhangelskyi;;;;;;;teeth measurement not found;;;
Cricetops auster;3.8;2.9;1;1;;"Li, Lüzhou, et al. ""First record of Cricetops rodent in the Oligocene of southwestern China."" Historical Biology 29.4 (2017): 488-494.";;;;
Dakshina jederi;;;;;;;m1 not found;;;
Dalanistes ahmedi;35.9;14.5;1;1;;"Gingerich, Philip D., Muhammad Arif, and William C. Clyde. ""New Archaeocetes (Mammalia, Cetacea) from the Middle Eocene Domanda Formation of Sulaiman Range, Punjab (Pakistan)."" (1995).";;;;
Danjiangia lambdodon;7.4;NA;1;1;;"Bai, Bin, Yuan-Qing Wang, and Jin Meng. ""The divergence and dispersal of early perissodactyls as evidenced by early Eocene equids from Asia."" Communications Biology 1.1 (2018): 115.";;;;
Deccanolestes narmadensis;;;;;;"Prasad, Guntupalli VR, et al. ""First mammal evidence from the Late Cretaceous of India for biotic dispersal between India and Africa at the KT transition."" Comptes Rendus Palevol 9.1-2 (2010): 63-71.";m1 is uncertain;;;
Deltatheridium nessovi;;;;;;;m2 found not m1;;;
Deltatheridium pretrituberculare;;;;;to measure;"Rougier, Guillermo W., John R. Wible, and Michael J. Novacek. ""Implications of Deltatheridium specimens for early marsupial history."" Nature 396.6710 (1998): 459-463.";measure from picture;;;
Deltatheroides cretacicus;;;;;;"ROUGIER, GUILLERMO W., JOHN R. WIBLE, and MICHAEL J. NOVACEK. ""New specimen of Deltatheroides cretacicus (Metatheria, Deltatheroida) from the late Cretaceous of Mongolia."" Bulletin of Carnegie Museum of Natural History 2004.36 (2004): 245-266.";m1 not found;;;
Dermotherium chimaera;5.2;4.2;1;1;;"Marivaux, Laurent, et al. ""Cynocephalid dermopterans from the Palaeogene of South Asia (Thailand, Myanmar and Pakistan): systematic, evolutionary and palaeobiogeographic implications."" Zoologica Scripta 35.4 (2006): 395-420.";;;;
Dermotherium major;;;;;;;paper not availble;;;
Desmanella compacta;;;;;;;specimen not found;;;
Desmatolagus periaralicus;2.5;4.1;1;1;;"Lopatin, A. V. ""A revision of the early Miocene Lagomorpha (Mammalia) from the North Aral region."" PALEONTOLOGICAL JOURNAL C/C OF PALEONTOLOGICHESKII ZHURNAL 32 (1998): 291-304.";;;;
Desmatolagus veletus;3.0;2.9;1;1;;"Lopatin, A. V. ""A revision of the early Miocene Lagomorpha (Mammalia) from the North Aral region."" PALEONTOLOGICAL JOURNAL C/C OF PALEONTOLOGICHESKII ZHURNAL 32 (1998): 291-304.";;;;
Dhedacetus hyaeni;;;;;;"Bajpai, Sunil, and J. G. M. Thewissen. ""Protocetid cetaceans (Mammalia) from the Eocene of India."" (2014): 1-19.";M1 found not m1;;;
Dhofarella thaleri;;;;;;;paper not found;;;
Diaceratherium lamilloquense;;;;;;;paper not found;;;
Diacodexis indicus;4.47;3.05;7;7;;"Kumar, Kishor, et al. ""Early Eocene artiodactyls (Mammalia) from western India."" Journal of Vertebrate Paleontology 30.4 (2010): 1245-1274.";;;;
Diacodexis parvus;3.4;2.4;1;1;;"Kumar, Kishor, et al. ""Early Eocene artiodactyls (Mammalia) from western India."" Journal of Vertebrate Paleontology 30.4 (2010): 1245-1274.";;;;
Dianomys obscuratus;1.93;1.63;15;17;;"Ban-Yue, W. A. N. G. ""LATE EOCENE CTENODACTYLOIDS (RODENTIA, MAMMALIA) FROM QUJING, YUNNAN, CHIAN."" Vertebrata Palasiatica 39.01 (2001): 24.";;;;
Dianomys qujingensis;2.52;2.19;5;5;;"Ban-Yue, W. A. N. G. ""LATE EOCENE CTENODACTYLOIDS (RODENTIA, MAMMALIA) FROM QUJING, YUNNAN, CHIAN."" Vertebrata Palasiatica 39.01 (2001): 24.";;;;
Didymoconus gromovae;3.27;3.92;2;2;;"Lopatin, A. V. ""New Oligocene Didymoconidae (Mesonychia, Mammalia) from Mongolia and Kazakhstan."" PALEONTOLOGICAL JOURNAL C/C OF PALEONTOLOGICHESKII ZHURNAL 31 (1997): 108-119.";;;;
Dilambda zhuguikengensis;;;;;;;paper not availble;;;
Dissacus rotundus;;;;;;;paper not availble;;;
Dissacus shanghoensis;;;;;;;paper not availble;;;
Dorudon atrox;;;;;;;paper not availble;;;
Downsimys margolesi;;;;;;;specimen not found;;;
Dulcidon gandaensis;;;;;;;paper not availble;;;
Dyskritodon indicus;;;;;to measure;"Prasad, Guntupalli VR, and Brijesh K. Manhas. ""Triconodont mammals from the Jurassic Kota Formation of India."" Geodiversitas 24.2 (2002): 445-464.";measure from picture;;;
Dysnoetodon minuta;;;;;;;paper not availble;;;
Edirnella kempeni;19.0;14.68;6;6;;"Bruijn, Hans de. ""A rodent assemblage from the Eo/Oligocene boundary internal near Süngülü, Lesser Caucasus, Turkey: Una asociación de roedores del tránsito Eoceno/Oligoceno próxima a Süngülü, Lesser Caucasus, Turkey."" Coloquios de Paleontología 1 (2003): 47.";;;;
Edirnella sinani;;;;;;;paper not found;;;
Egatochoerus jaegeri;8.4;10.9;1;1;;"Orliac, Maeva, et al. ""New remains of Egatochoerus jaegeri (Mammalia, Suoidea) from the late Eocene of Peninsular Thailand."" Palaeontology 54.6 (2011): 1323-1335.";;;;
Elomeryx borbonicus;;;;;;"Ducrocq, Stéphane, and Fabrice Lihoreau. ""The occurrence of bothriodontines (Artiodactyla, Mammalia) in the Paleogene of Asia with special reference to Elomeryx: paleobiogeographical implications."" Journal of Asian Earth Sciences 27.6 (2006): 885-891.";lower molar not found;;;
Elomeryx japonicus;15.1;18.6;1;1;;"Tsubamoto, Takehisa, and Naoki Kohno. ""Reappraisal of “Brachyodus” japonicus, an Oligocene anthracotheriid cetartiodactyl from Japan."" Paleontological Research 15.3 (2011): 115-124.";;;;
Endotherium niinomii;;;;;to measure;"SHIKAMA, Tokio. ""Teilhardosaurus and Endotherium, new Jurassic Reptilia and Mammalia from the Husin coal-field, south Manchuria."" Proceedings of the Japan Academy 23.1-11 (1947): 76-84.";measure from picture;;doesn’t have scale;
Enginia djanpolati;;;;;;;paper not availble;;;
Eobaatar minor;;;;;;;paper not found;;;
Eocenchoerus savagei;;;;;;"Li-Ping, Liu. ""EOCENE SUOIDS (ARTIODACTYLA, MANMALIA) FROM BOSE AND YONGLE BASINS, CHINA, AND THE CLASIFICATION AND EVOLUTION OF THE PALEOGENE SUOIDS."" Vertebrata PalAsiatica 39.02 (2001): 115.";m3 found not m1;;;
Eocetus drazindai;;;;;;;specimen not found;;;
Eodesmatodon spanios;;;;;;;paper not availble;;;
Eolantianius russelli;;;;;;"Averianov, A. ""Artiodactyla from the early Eocene of Kyrgyzstan."" Palaeovertebrata 25.2-4 (1996): 359-369.";m2 and m3 found not m1;;;
Eoletes gracilis;10.74;7.16;5;5;;"Lucas, Spencer G., Robert J. Emry, and Bolat U. Bayshashov. ""Eocene Perissodactyla from the Shinzhaly River, eastern Kazakhstan."" Journal of Vertebrate Paleontology 17.1 (1997): 235-246.";;;;
Eoletes tianshanicus;;;;;;;lower molars not found;;;
Eoletes tshakpaktasensis;;;;;;;specimen not found;;;
Eomaia scansoria;;;;;to measure;"Ji, Qiang, et al. ""The earliest known eutherian mammal."" Nature 416.6883 (2002): 816-822.";measure from picture;;;
Eomoropus meridiorientalis;;;;;;;paper not accessible;;;
Eomoropus ulterior;;;;;;;paper not availble;;;
Eomys fahlbuschi;;;;;;;paper not availble;;;
Eotheroides babiae;7.6;NA;1;;;"Bajpai, Sunil, et al. ""Eocene and oligocene sirenians (Mammalia) from Kachchh, India."" Journal of Vertebrate Paleontology 26.2 (2006): 400-410.";doesn’t have width;;;
Eotheroides waghapadarensis;;;;;;;paper not availble;;;
Eotitanops dayi;;;;;;;paper not availble;;;
Eotitanops pakistanensis;;;;;;;M1 found not m1;;;
Eoungulatum kudukensis;;;;;;;paper not availble;;;
Epiaceratherium magnum;;;;;;;paper not found;;;
Epiaceratherium naduongense;;;;;;;m1 not found;;;
Ergilia kazachstanica;;;;;;;paper not found;;;
Erihippus tingae;7.72;8.19;1;1;;"Bai, Bin, Yuan-Qing Wang, and Jin Meng. ""The divergence and dispersal of early perissodactyls as evidenced by early Eocene equids from Asia."" Communications Biology 1.1 (2018): 115.";;;;
Erythrobaatar ganensis;;;;;to measure;"Jin, Xingsheng, et al. ""A new multituberculate from the latest Cretaceous of central China and its implications for multituberculate tooth homologies and occlusion."" Journal of Mammalian Evolution 30.1 (2023): 1-20.";measure from picture;;;
Eucricetodon (Atavocricetodon) kurthi;;;;;;;specimen not found;;;
Eucricetodon dubius;;;;;;;specimen not found;;;
Eudinoceras crassum;;;;;;;paper not availble;;;
Eumyarion tremulus;1.7;1.1;18;18;;"Lopatin, A. V. ""The stratigraphy and small mammals from the Aral Formation, the Altynshokysu Locality, northern Aral area."" (1996).";;;;
Eumyarion weinfurteri;;;;;;;specimen not found;;;
Eumysodon spurius;2.5;1.8;1;1;;"Lopatin, A. V. ""Early Miocene small mammals from the North Aral region (Kazakhstan) with special reference to their biostratigraphic significance."" (2004).";;;;
Exallerix efialtes;5.5;2.6;1;1;;"Lopatin, A. V. ""The stratigraphy and small mammals from the Aral Formation, the Altynshokysu Locality, northern Aral area."" (1996).";;;;
Fallomus ginsburgi;1.82;1.58;1;1;;"Marivaux, Laurent, and Jean-Loup Welcomme. ""New diatomyid and baluchimyine rodents from the Oligocene of Pakistan (Bugti Hills, Balochistan): systematic and paleobiogeographic implications."" Journal of Vertebrate Paleontology 23.2 (2003): 420-434.";;;;
Fallomus ladakhensis;;;;;;;m3 found not m1;;;
Fallomus quraishyi;2.25;1.93;1;1;;"Marivaux, Laurent, and Jean-Loup Welcomme. ""New diatomyid and baluchimyine rodents from the Oligocene of Pakistan (Bugti Hills, Balochistan): systematic and paleobiogeographic implications."" Journal of Vertebrate Paleontology 23.2 (2003): 420-434.";;;;
Fallomus razae;1.63;1.43;1;1;;"Marivaux, Laurent, and Jean-Loup Welcomme. ""New diatomyid and baluchimyine rodents from the Oligocene of Pakistan (Bugti Hills, Balochistan): systematic and paleobiogeographic implications."" Journal of Vertebrate Paleontology 23.2 (2003): 420-434.";;;;
Ferecetotherium kelloggi;;;;;;;paper not found;;;
Ferganodon naryensis;;;;;;;m1 not found;;;
Franconictis vireti;;;;;;;specimen not found;;;
Frugivastodon cristatus;1.92;1.3;1;1;;"Bajpai, Sunil, et al. ""Early Eocene land mammals from the Vastan lignite mine, district Surat (Gujarat), Western India."" Journal of the Palaeontological Society of India 50.1 (2005): 101-113.";;;;
Galatiadelphys minor;;;;;;"Métais, Grégoire, et al. ""Eocene metatherians from Anatolia illuminate the assembly of an island fauna during Deep Time."" PloS one 13.11 (2018): e0206181.";m2 found not m1;;;
Galerix saratji;2.81;1.82;18;18;;"van den Hoek Ostende, Lars. ""Insectivore faunas from the Lower Miocene Anatolia. Part 1: Erinaceidae."" Proceedings of the Koninklijke Academie van Wetenschappen 95.4 (1992): 437-467.";;;;
Gandakasia potens;;;;;;;paper not availble;;;
Gandheralophus minor;5.74;3.74;8;7;;"Missiaen, Pieter, and Philip D. Gingerich. ""New early Eocene tapiromorph perissodactyls from the Ghazij Formation of Pakistan, with implications for mammalian biochronology in Asia."" Acta Palaeontologica Polonica 57.1 (2012): 21-34.";;;;
Gandheralophus robustus;6.85;4.44;3;3;;"Missiaen, Pieter, and Philip D. Gingerich. ""New early Eocene tapiromorph perissodactyls from the Ghazij Formation of Pakistan, with implications for mammalian biochronology in Asia."" Acta Palaeontologica Polonica 57.1 (2012): 21-34.";;;;
Ganlea megacanina;4.25;3.85;2;2;;"Beard, K. Christopher, et al. ""A new primate from the Eocene Pondaung Formation of Myanmar and the monophyly of Burmese amphipithecids."" Proceedings of the Royal Society B: Biological Sciences 276.1671 (2009): 3285-3294.";;;;
Ganungulatum xincunliense;3.5;5.5;1;1;;"Su-Yin, T. I. N. G., et al. ""Ganungulatum xincunliense, an artiodactyl-like mammal (Ungulata, Mammalia) from the Paleocene, Chijiang Basin, Jiangxi, China."" Vertebrata PalAsiatica 45.4 (2007): 278.";;;;
Gatanthropus micros;;;;;to measure;"Ni, Xijun, et al. ""Oligocene primates from China reveal divergence between African and Asian primate evolution."" Science 352.6286 (2016): 673-677.";measure from picture;;;
Gaviacetus razai;;;;;;"vGingerich, Philip D., Muhammad Arif, and William C. Clyde. ""New Archaeocetes (Mammalia, Cetacea) from the Middle Eocene Domanda Formation of Sulaiman Range, Punjab (Pakistan)."" (1995).";lower molar not found;;;
Geitonomys bouvites;;;;;;;paper not found;;;
Geniokeryx nanus;;;;;;;paper not accessible;;;
Geniokeryx thailandicus;;;;;;;paper not availble;;;
Ghazijhippus talibhasani;;;;;;"Missiaen, Pieter, and Philip D. Gingerich. ""New basal Perissodactyla (Mammalia) from the lower Eocene Ghazij formation of Pakistan."" (2014).";m2 and m3 found not m1;;;
Glis guerbuezi;;;;;;;paper not availble;;;
Gobiconodon hopsoni;;;;;;"Rougier, Guillermo W., et al. ""Gobiconodonts from the Early Cretaceous of Oshih (Ashile), Mongolia."" American Museum Novitates 2001.3348 (2001): 1-30.";m1 not found;;;
Gobiconodon luoianus;3.0;2.8;1;1;;"Yuan, Chongxi, et al. ""A new species of Gobiconodon (Mammalia) from western Liaoning, China and its implication for the dental formula of Gobiconodon."" Acta Geologica Sinica?English Edition 83.2 (2009): 207-211.";;;;
Gobiconodon tomidai;;;;;;"Kusuhashi, Nao, et al. ""Two new species of Gobiconodon (Mammalia, Eutriconodonta, Gobiconodontidae) from the Lower Cretaceous Shahai and Fuxin formations, northeastern China."" Historical Biology 28.1-2 (2016): 14-26.";m2 and m3 found not m1;;;
Gobiolagus gromovi;;;;;;;paper not fouund;;;
Gobiolagus hekkeri;2.1;2.0;1;1;;"Lopatin, A. V., and A. O. Averianov. ""Eocene Lagomorpha (Mammalia) of Asia: 2. Strenulagus and Gobiolagus (Strenulagidae)."" Paleontological journal 40 (2006): 198-206.";;;;
Gobiotheriodon infinitus;;;;;;;paper not found;;;
Gobisorex akhmetievi;;;;;;"Lopatin, A. V. ""Early Miocene small mammals from the North Aral region (Kazakhstan) with special reference to their biostratigraphic significance."" (2004).";m1 broken ;;;
Guangxicyon sinoamericanus;20.6;9.2;1;1;;"Zhai, R. E. N. J. I. E., et al. ""An aberrant amphicyonid mammal from the latest Eocene of the Bose Basin, Guangxi, China."" Acta Palaeontologica Polonica 48.2 (2003).";;;;
Guangxilemur singsilai;;;;;;"Marivaux, Laurent, et al. ""Oligocene sivaladapid primate from the Bugti Hills (Balochistan, Pakistan) bridges the gap between Eocene and Miocene adapiform communities in southern Asia."" Journal of Human Evolution 42.4 (2002): 379-388.";not sure if its m1 or m2;uncertain;;
Guangxilemur tongi;;;;;;"Qi, Tao, and K. Christopher Beard. ""Late Eocene sivaladapid primate from Guangxi Zhuang Autonomous Region, People's Republic of China."" Journal of Human Evolution 35.3 (1998): 211-220.";m2 found not m1;;;
Guibaatar castellanus;;;;;;;paper not accessible;;;
Guilestes acares;;;;;;;paper not availble;;;
Gujaratia pakistanensis;;;;;;;paper not accessible;;;
Gumbatomys asifi;;;;;;;m3 found not m1;;;
Hakusanobaatar matsuoi;1.7;1.2;1;1;;"Kusuhashi, Nao. ""Early Cretaceous multituberculate mammals from the Kuwajima formation (Tetori group), central Japan."" Acta Palaeontologica Polonica 53.3 (2008): 379-390.";;;;
Haltictops meilingensis;;;;;;;paper not available;;;
Haltictops mirabilis;;;;;;;paper not available;;;
Hangjinia chowi;;;;;;"Godefroit, Pascal, and Dian-Yong Guo. ""A new amphilestid mammal from the Early Cretaceous of Inner Mongolia (PR China)."" Bull Inst R Sci Nat Belg, Sci Terre 69.Suppl B (1999): 7-16.";not sure if its m1 or m2;;;
Hapalodectes hetangensis;;;;;;;paper not availble;;;
Hapalodectes paradux;;;;;;"Lopatin, A. V. ""A New Species of Hapalodectes (Hapalodectidae, Mesonychia) from the Paleocene of Mongolia."" Doklady Biological Sciences. Vol. 513. No. 1. Moscow: Pleiades Publishing, 2023.";m2 and m3 found not m1;;;
Harpagolestes koreanicus;;;;;;;paper not found;;;
Harpyodus decorus;;;;;;;paper not found;;;
Hassianycteris kumari;;;;;;"Smith, Thierry, et al. ""High bat (Chiroptera) diversity in the Early Eocene of India."" Naturwissenschaften 94 (2007): 1003-1009.";not sure if its m1 or m2;;;
Helaletes mongoliensis;;;;;;;paper not availble;;;
Heosminthus primiveris;;;;;to measure;"Wessels, Wilma, et al. ""Dipodidae (Mammalia, Rodentia) from the Paleogene of south-east Serbia."" Palaeobiodiversity and Palaeoenvironments 100.3 (2020): 841-848.";measure from picture;;;
Higotherium hypsodon;;;;;;"Miyata, Kazunori, and Yukimitsu Tomida. ""A new tillodont from the early Middle Eocene of Japan and its implication to the subfamily Trogosinae (Tillodontia: Mammalia)."" Paleontological Research 2.1 (1998): 53-66.";m2 and m3 found not m1;;;
Hilalia robusta;;;;;;"Maas, Mary C., et al. ""Enigmatic new ungulates from the early middle Eocene of Central Anatolia, Turkey."" Journal of Vertebrate Paleontology 21.3 (2001): 578-590.";lower molar not found;;;
Hilalia saribeya;5.47;3.78;4;5;;"Maas, Mary C., et al. ""Enigmatic new ungulates from the early middle Eocene of Central Anatolia, Turkey."" Journal of Vertebrate Paleontology 21.3 (2001): 578-590.";;;;
Hilalia selanneae;8.06;5.56;3;3;;"Maas, Mary C., et al. ""Enigmatic new ungulates from the early middle Eocene of Central Anatolia, Turkey."" Journal of Vertebrate Paleontology 21.3 (2001): 578-590.";;;;
Hilalia sezerorum;4.7;3.1;2;2;;"Maas, Mary C., et al. ""Enigmatic new ungulates from the early middle Eocene of Central Anatolia, Turkey."" Journal of Vertebrate Paleontology 21.3 (2001): 578-590.";;;;
Himalayacetus subathuensis;;;;;;"Bajpai, Sunil, and Philip D. Gingerich. ""A new Eocene archaeocete (Mammalia, Cetacea) from India and the time of origin of whales."" Proceedings of the National Academy of Sciences 95.26 (1998): 15464-15468.";M2 and M3 found but not m1;;;
Hipposideros omani;;;;;;"Sigé, Bernard, et al. ""Les chiroptères de Taqah (Oligocène inférieur, Sultanat d’Oman). Premier inventaire systématique."" Münchner Geowissenschaftliche Abhandlungen 26 (1994): 35-48.";m1 not found;;;
Hodsahibia azrae;2.74;1.94;1;1;;"Marivaux, Laurent, and Jean-Loup Welcomme. ""New diatomyid and baluchimyine rodents from the Oligocene of Pakistan (Bugti Hills, Balochistan): systematic and paleobiogeographic implications."" Journal of Vertebrate Paleontology 23.2 (2003): 420-434.";not sure if its m1 or m2;uncertain;;
Hodsahibia beamshaiensis;4.48;3.42;1;1;;"Marivaux, Laurent, and Jean-Loup Welcomme. ""New diatomyid and baluchimyine rodents from the Oligocene of Pakistan (Bugti Hills, Balochistan): systematic and paleobiogeographic implications."" Journal of Vertebrate Paleontology 23.2 (2003): 420-434.";not sure if its m1 or m2;uncertain;;
Hodsahibia gracilis;2.11;1.66;1;1;;"Marivaux, Laurent, and Jean-Loup Welcomme. ""New diatomyid and baluchimyine rodents from the Oligocene of Pakistan (Bugti Hills, Balochistan): systematic and paleobiogeographic implications."" Journal of Vertebrate Paleontology 23.2 (2003): 420-434.";;;;
Hodsahibia kayi;;;;;;;paper not available;;;
Hsanotherium parvum;5.4;5.9;1;1;;"Tsubamoto, Takehisa, et al. ""Reevaluation of some ungulate mammals from the Eocene Pondaung Formation, Myanmar."" Paleontological Research 7.3 (2003): 219-243.";;;;
Hsiangolestes youngi;;;;;;;paper not available;;;
Hsiuannania minor;;;;;;;paper not found;;;
Huaiyangale leura;;;;;;;paper not available;;;
Huananius youngi;4.2;4.2;1;1;;"Xue-Shi, H. U. A. N. G., and Z. H. E. N. G. Jia-Jian. ""A new tillodont from the Paleocene of Nanxiong Basin, Guangdong."" Vertebrata PalAsiatica 37.02 (1999): 96.";;;;
Huananothema imparilica;;;;;;;paper not available;;;
Huaxiachoerus guangxiensis;;;;;;"Li-Ping, Liu. ""EOCENE SUOIDS (ARTIODACTYLA, MANMALIA) FROM BOSE AND YONGLE BASINS, CHINA, AND THE CLASIFICATION AND EVOLUTION OF THE PALEOGENE SUOIDS."" Vertebrata PalAsiatica 39.02 (2001): 115.";m2 and m3 found not m1;;;
Hukoutherium ambigum;;;;;;;paper not available;;;
Hunanictis inexpectatus;;;;;;;paper not available;;;
Hydotherium dobsoni;;;;;;;lower molar not found;;;
Hypsamasia seni;;;;;;;paper not available;;;
Hypsilolambda chalingensis;;;;;;;paper not available;;;
Hypsilolambda impensa;;;;;;;paper not available;;;
Hyrachyus lunanensis;;;;;;;paper not available;;;
Hyrachyus minor;;;;;;;paper not available;;;
Iberomeryx parvus;5.45;5.47;4;4;;"Métais, Grégoire, et al. ""Oligocene ruminants from the K?z?l?rmak Formation, Çank?r?-Çorum Basin, Central Anatolia, Turkey."" Palaeontologia Electronica (2016): 19-3.";;;;
Icaronycteris sigei;1.80;2.25;1;1;;"Smith, Thierry, et al. ""High bat (Chiroptera) diversity in the Early Eocene of India."" Naturwissenschaften 94 (2007): 1003-1009.";;;;
Ichthyolestes pinfoldi;;;;;;;paper not available;;;
Ilianodon lunanensis;;;;;;;paper not available;;;
Indobaatar zofiae;;;;;;"Parmar, Varun, Guntupalli VR Prasad, and Deepak Kumar. ""The first multituberculate mammal from India."" Naturwissenschaften 100 (2013): 515-523.";lower molar not found;;;
Indocetus ramani;;;;;;;paper not available;;;
Indoclemensia magnus;;;;;;"Mantilla, Gregory P. Wilson, et al. ""New mammals from the Naskal intertrappean site and the age of India’s earliest eutherians."" Palaeogeography, Palaeoclimatology, Palaeoecology 591 (2022): 110857.";m2 and m3 found not m0;;;
Indoclemensia naskalensis;;;;;;"Mantilla, Gregory P. Wilson, et al. ""New mammals from the Naskal intertrappean site and the age of India’s earliest eutherians."" Palaeogeography, Palaeoclimatology, Palaeoecology 591 (2022): 110857.";m2 found not m0;;;
Indodelphis luoi;1.59;0.71;1;1;;"Bajpai, Sunil, et al. ""First fossil marsupials from India: early Eocene Indodelphis n. gen. and Jaegeria n. gen. from the Vastan Lignite mine, District Surat, Gujarat."" Journal of the Palaeontological Society of India 50.1 (2005): 147-151.";;;;
Indoesthonyx suratensis;8.10;13.15;1;1;;"Smith, Thierry, et al. ""New early Eocene vertebrate assemblage from western India reveals a mixed fauna of European and Gondwana affinities."" Geoscience Frontiers 7.6 (2016): 969-1001.";;;;
Indohyaenodon raoi;4.6;2.6;2;2;;"Bajpai, S., Vivesh V. Kapur, and J. G. M. Thewissen. ""Creodont and condylarth from Cambay Shale (early Eocene,~ 55-54 Ma), Vastan Lignite Mine, Gujarat, western India."" Journal of the Palaeontological Society of India 54.1 (2009): 103-109.";;;;
Indohyus indirae;;;;;;;paper not found;;;
Indolophus guptai;10.4;14.4;2;2;;"Tsubamoto, Takehisa, et al. ""Reevaluation of some ungulate mammals from the Eocene Pondaung Formation, Myanmar."" Paleontological Research 7.3 (2003): 219-243.";;;;
Indomeryx arenae;5.2;5.7;2;2;;"Tsubamoto, Takehisa, et al. ""Reevaluation of some ungulate mammals from the Eocene Pondaung Formation, Myanmar."" Paleontological Research 7.3 (2003): 219-243.";;;;
Indomeryx cotteri;6.24;6.94;5;5;;"Tsubamoto, Takehisa, et al. ""Reevaluation of some ungulate mammals from the Eocene Pondaung Formation, Myanmar."" Paleontological Research 7.3 (2003): 219-243.";;;;
Indonyctia cambayensis;;;;;;;paper not accessible;;;
Indotriconodon magnus;;;;;;;paper not accessible;;;
Indusomys kaliae;;;;;;;M2 found not m1;;;
Iniopsis caucasica;;;;;;;paper not found;;;
Interogale datangensis;;;;;;;paper not available;;;
Irrawadymeryx pondaungi;6.1;3.2;1;1;;"Métais, Grégoire, et al. ""Artiodactyls from the Pondaung Formation (Myanmar): new data and reevaluation of the South Asian Faunal Province during the Middle Eocene."" Naturwissenschaften 94 (2007): 759-768.";;;;
Ishatherium subathuensis;;;;;;;m2 found not m1;;;
Isphanatherium ferganensis;;;;;;"Lavrov, A. V., and A. O. Averianov. ""The oldest Asiatic Hyaenodontidae (Mammalia, Creodonta) from the early Eocene of the southern Fergana Basin (Andarak-2 locality)."" PALEONTOLOGICAL JOURNAL C/C OF PALEONTOLOGICHESKII ZHURNAL 32 (1998): 200-205.";M2 found not m1;;;
Jaegeria cambayensis;1.35;1.85;1;1;;"Smith, Thierry, et al. ""High bat (Chiroptera) diversity in the Early Eocene of India."" Naturwissenschaften 94 (2007): 1003-1009.";;;;
Jarveia minuscula;;;;;;;paper not available;;;
Jattadectes mamikheli;;;;;;"Thewissen, Johannes GM, E. M. Williams, and S. Taseer Hussain. ""Eocene mammal faunas from northern Indo-Pakistan."" Journal of Vertebrate Paleontology 21.2 (2001): 347-366.";m1 not found;;;
Jeholodens jenkinsi;;;;;;;paper not found;;;
Jhagirilophus chorgalensis;;;;;;;m1 not found;;;
Jiangxia chaotoensis;;;;;;;m2 and m3 found not m1;;;
Jozaria palustris;22.2;15.9;1;1;;"Wells, Neil Andrew, and Philip D. Gingerich. ""Review of Eocene Anthracobunidae (Mammalia, Proboscidea) with a new genus and species, Jozaria palustris, from the Kuldana Formation of Kohat (Pakistan)."" (1983).";;;;
Juramaia sinensis;;;;;to measure;"Luo, Zhe-Xi, et al. ""A Jurassic eutherian mammal and divergence of marsupials and placentals."" Nature 476.7361 (2011): 442-445.";measure from picture;;;
Kalakotia simplicidentata;;;;;;;paper not available;;;
Karagalax mamikhelensis;8.4;9.6;3;3;;"MAAS, MC, et al. ""A NEW ISECTOLOPHID TAPIROMORPH (PERISSODACTYLA, MAMMALIA)."" (2001).";;;;
Karakia longidens;;;;;;"Thewissen, Johannes GM, E. M. Williams, and S. Taseer Hussain. ""Eocene mammal faunas from northern Indo-Pakistan."" Journal of Vertebrate Paleontology 21.2 (2001): 347-366.";m1 missing;;;
Kazachostylops occidentalis;;;;;;;paper not available;;;
Kazygurtia clivosa;;;;;;;paper not available;;;
Kerosinia variabilis;;;;;;;paper not available;;;
Kharmerungulatum vanvaleni;;;;;;"Prasad, G. V. R., et al. ""A Cretaceous hoofed mammal from India."" Science 318.5852 (2007): 937-937.";not sure if its m1 or m2;uncertain;;
Kharodacetus sahnii;;;;;;;paper not found;;;
Khirtharia aurea;;;;;;"Thewissen, Johannes GM, E. M. Williams, and S. Taseer Hussain. ""Eocene mammal faunas from northern Indo-Pakistan."" Journal of Vertebrate Paleontology 21.2 (2001): 347-366.";M1 and m3 found not m1;;;
Khirtharia dayi;7.2;5.6;1;1;;"Thewissen, Johannes GM, E. M. Williams, and S. Taseer Hussain. ""Eocene mammal faunas from northern Indo-Pakistan."" Journal of Vertebrate Paleontology 21.2 (2001): 347-366.";;;;
Khirtharia inflatus;;;;;;;paper not found;;;
Khodzhentia vinogradovi;;;;;;"Averianov, Alexander. ""early eocene Rodentia of Kyrgyzstan."" Bulletin du Muséum national d’Histoire naturelle 18 (1996): 629-662.";not sure if its m1 ;uncertain;;
Kielanobaatar badaohaoensis;;;;;;"Kusuhashi, Nao, et al. ""New multituberculate mammals from the Lower Cretaceous (Shahai and Fuxin formations), northeastern China."" Journal of Vertebrate Paleontology 30.5 (2010): 1501-1514.";m1 not found;;;
Kiinkerishella zaisanica;;;;;;;paper not found;;;
Kilgai moolakharzani;;;;;;;paper not found;;;
Kohatius coppensi;;;;;;;paper not available;;;
Koreasaltipes jinjuensis;;;;;;;paper not available;;;
Krabia minuta;;;;;;"Chaimanee, Yaowalak, et al. ""A new Late Eocene primate from the Krabi Basin (Thailand) and the diversity of Palaeogene anthropoids in southeast Asia."" Proceedings of the Royal Society B: Biological Sciences 280.1771 (2013): 20132268.";M1 found not m1;;;
Krabimeryx primitivus;9.1;7.17;1;1;;"Métais, Grégoire, et al. ""New remains of primitive ruminants from Thailand: evidence of the early evolution of the Ruminantia in Asia."" Zoologica Scripta 30.4 (2001): 231-248.";;;;
Krabitherium waileki;;;;;;;paper not found;;;
Kryptobaatar mandahuensis;2.40;1.45;1;1;;"Smith, Thierry, D-Y. Guo, and Yan Sun. ""A new species of Kryptobaatar (Multituberculata): the first Late Cretaceous mammal from Inner Mongolia (PR China)."" (2001).";;;;
Kulbeckia kulbecke;1.87;2.86;8;8;;"Archibald, J. David, and Alexander O. Averianov. ""The Late Cretaceous placental mammal Kulbeckia."" Journal of Vertebrate Paleontology 23.2 (2003): 404-419.";;;;
Kutchicetus minimus;;;;;;;paper not found;;;
Kyawdawia lupina;;;;;;"Egi, Naoko, et al. ""Proviverrine hyaenodontids (Creodonta: Mammalia) from the Eocene of Myanmar and a phylogenetic analysis of the proviverrines from the Para?Tethys area."" Journal of Systematic Palaeontology 3.4 (2005): 337-358.";m2 and m3 found not m1;;;
Kyitchaungia takaii;;;;;;"Beard, K. Christopher, et al. ""New sivaladapid primates from the Eocene Pondaung Formation of Myanmar and the anthropoid status of Amphipithecidae."" Bulletin of Carnegie Museum of Natural History 2007.39 (2007): 67-76.";m2 found not m1;;;
Laomaki yunnanensis;2.45;3.9;1;1;;"Ni, Xijun, et al. ""Oligocene primates from China reveal divergence between African and Asian primate evolution."" Science 352.6286 (2016): 673-677.";;;;
Lestes feiganensis;;;;;;;paper not available;;;
Liaoconodon hui;;;;;;;paper not found;;;
Liaotherium gracile;;;;;;"Mingzhen, Zhou, Cheng Zhengwu, and Wang Yuanqing. ""A mammalian lower jaw from the Jurassic of Lingyuan, Liaoning."" Vertebrata PalAsiatica 29.03 (1991): 165.";m1 not found;;;
Lignitella suemengeni;;;;;;;paper not available;;;
Lindsaya derabugtiensis;;;;;;;paper not accessible;;;
Linnania lofoensis;;;;;;;paper not available;;;
Linnania progressus;;;;;;;paper not available;;;
Litolophus ghazijensis;;;;;;"Missiaen, Pieter, and Philip D. Gingerich. ""New early Eocene tapiromorph perissodactyls from the Ghazij Formation of Pakistan, with implications for mammalian biochronology in Asia."" Acta Palaeontologica Polonica 57.1 (2012): 21-34.";m3 found not m1;;;
Lofochaius brachyodus;;;;;;;paper not available;;;
Lophibaluchia pilbeami;;;;;;;paper not accessible;;;
Lophiohippus yunnanensis;;;;;;;paper not available;;;
Lophiomeryx benarensis;;;;;;;specimen not found;;;
Lophiomeryx kargilensis;;;;;;;paper not available;;;
Machocyon abbasi;14.2;20.3;1;1;;"Gingerich, Philip D., et al. ""Machocyon abbasi, a new early Eocene quettacynoid (Mammalia, Condylarthra) from the middle Ghazij Formation of Mach and Daghari coal fields, Baluchistan (Pakistan)."" (1999).";;;;
Macrotherium turgaicum;;;;;;;specimen not found;;;
Magwetherium burmense;;;;;;"Ducrocq, Stéphane, et al. ""First record of a diacodexeid artiodactyl in the middle Eocene Pondaung Formation (Myanmar)."" PalZ 90.3 (2016): 611-618.";M1 found not m1;;;
Maiacetus inuus;22.35;9.74;1;1;;"Gingerich, Philip D., et al. ""New protocetid whale from the middle Eocene of Pakistan: birth on land, precocial development, and sexual dimorphism."" PLoS one 4.2 (2009): e4366.";;;;
Maiopatagium furculiferum;;;;;;"Meng, Qing-Jin, et al. ""New gliding mammaliaforms from the Jurassic."" Nature 548.7667 (2017): 291-296.";M1 found not m1;;;
Makaracetus bidens;;;;;;"Gingerich, Philip D. ""Makaracetus bidens, a new protocetid archaeocete (Mammalia, Cetacea) from the early middle Eocene of Balochistan (Pakistan)."" Contributions from the Museum of paleontology of the University of Michigan 31.9 (2005): 197.";lower molars not found;;;
Maobrontops paganus;;;;;;"Averianov, Alexander, et al. ""A new brontothere from the Eocene of South China."" Acta Palaeontologica Polonica 63.1 (2018).";M1 and M2 found not m1;;;
Maofelis cantonensis;;;;;;"Averianov, Alexander, et al. ""First nimravid skull from Asia."" Scientific Reports 6.1 (2016): 25812.";upper molars found not lower;;;
Maotherium asiaticus;;;;;;"Ji, Qiang, et al. ""Evolutionary development of the middle ear in Mesozoic therian mammals."" Science 326.5950 (2009): 278-281.";m1 not found;;;
Maotherium sinensis;1.5;1.3;1;1;;"Rougier, Guillermo W., Ji Qiang, and Michael J. Novacek. ""A new symmetrodont mammal with fur impressions from the Mesozoic of China."" Acta Geologica Sinica?English Edition 77.1 (2003): 7-14.";;;;
Marcgodinotius indicus;2.02;2.55;8;8;;"Rose, Kenneth D., et al. ""Early eocene primates from Gujarat, India."" Journal of Human Evolution 56.4 (2009): 366-404.";;;;
Masracetus markgrafi;;;;;;;paper not found;;;
Masrasector ligabuei;;;;;;;specimen not found;;;
Matanomictis maniyarensis;11.0;4.9;1;1;;"Thewissen, J. G. M., and Sunil Bajpai. ""New Oligocene mustelid from western India."" Journal of Vertebrate Paleontology 28.2 (2008): 565-567.";;;;
Megaconus mammaliaformis;;;;;to measure;"Zhou, Chang-Fu, et al. ""A Jurassic mammaliaform and the earliest mammalian evolutionary adaptations."" Nature 500.7461 (2013): 163-167.";measure from picture;;;
Megalohyrax eocaenus;;;;;;;paper not found;;;
Meiconodon lii;2.27;NA;1;1;;"Kusuhashi, Nao, et al. ""New triconodontids (Mammalia) from the Lower Cretaceous Shahai and Fuxin formations, northeastern China."" Geobios 42.6 (2009): 765-781.";;;;
Meiconodon setoguchii;;;;;;"Kusuhashi, Nao, et al. ""New triconodontids (Mammalia) from the Lower Cretaceous Shahai and Fuxin formations, northeastern China."" Geobios 42.6 (2009): 765-781.";m1 measurement not available;;;
Meiostylodon zaoshiensis;;;;;;;paper not available;;;
Meldimys musak;2.25;3.6;2;2;;"Rana, Rajendra S., et al. ""An ailuravine rodent from the lower Eocene Cambay Formation at Vastan, western India, and its palaeobiogeographic implications."" Acta Palaeontologica Polonica 53.1 (2008): 1-14.";;;;
Meridiolophus expansus;7.4;5.6;1;1;;"Bai, Bin, et al. ""New Early Eocene basal tapiromorph from Southern China and Its phylogenetic implications."" PLoS One 9.10 (2014): e110806.";;;;
Meschotherium meschethicum;;;;;;;paper not found;;;
Metaphiomys schaubi;;;;;;;paper not found;;;
Metasarcodon udovichenkoi;;;;;;"Lopatin, A. V. ""Early Paleogene insectivore mammals of Asia and establishment of the major groups of Insectivora."" Paleontological Journal 40 (2006): S205-S405.";M1 found not m1;;;
Metasqualodon symmetricus;;;;;;"Okazaki, Yoshihiko. ""A Lower Miocene squalodontid from the Ashiya Group, Kyushu, Japan."" Bulletin of the Kitakyushu museum of natural history 4 (1982): 107-112.";M1 found not m1;;;
Meteamys alpani;24.29;15.81;8;10;;"De Bruijn, Hans, et al. ""A new association of small mammals from the lowermost Lower Miocene of Central Anatolia."" Geobios 25.5 (1992): 651-670.";;;;
Microbunodon silistrense;;;;;;;paper not found;;;
Microcetus sharkovi;;;;;;;paper not available;;;
Microchiropteryx folieae;1.20;1.10;1;1;;"Smith, Thierry, et al. ""High bat (Chiroptera) diversity in the Early Eocene of India."" Naturwissenschaften 94 (2007): 1003-1009.";;;;
Microparamys lingchaensis;;;;;;;paper not available;;;
Minchenella grandis;;;;;;;paper not available;;;
Mirocetus riabinini;;;;;;;paper not available;;;
Monobaatar mimicus;;;;;;"Kielan-Jaworska, Z., D. Dashzeveg, and B. A. Trofimov. ""Early Cretaceous multituberculates from Mongolia and a comparison with Late Jurassic forms."" Acta Palaeontologica Polonica 32.1-2 (1987).";m1 not found;;;
Mosaicomeryx quercyi;;;;;;"Métais, Grégoire, Bastien Mennecart, and Ghazala Roohi. ""A new assemblage of stem pecoran ruminants from the Oligocene Chitarwata Formation, Bugti Hills, Baluchistan, Pakistan: Paleoenvironmental and paleobiogeographic implications."" Journal of Asian Earth Sciences 136 (2017): 40-49.";not sure if its m1;;;
Muangthanhinius siami;3.02;2.18;1;1;;"Marivaux, Laurent, et al. ""New strepsirrhine primate from the late Eocene of Peninsular Thailand (Krabi Basin)."" American Journal of Physical Anthropology: The Official Publication of the American Association of Physical Anthropologists 130.4 (2006): 425-434.";;;;
Muhsinia steffensi;17.97;11.99;10;11;;"De Bruijn, Hans, et al. ""A new association of small mammals from the lowermost Lower Miocene of Central Anatolia."" Geobios 25.5 (1992): 651-670.";;;;
Myaingtherium kenyapotamoides;11.45;15.3;2;2;;"Takehisa, T. S. U. B. A. M. O. T. O., et al. ""A new anthracotheriid artiodactyl from the Eocene Pondaung Formation of Myanmar."" Vertebrata PalAsiatica 49.1 (2011): 85.";;;;
Myanmarpithecus yarshensis;;;;;;"Takai, Masanaru, et al. ""A new anthropoid from the latest middle Eocene of Pondaung, central Myanmar."" Journal of Human Evolution 40.5 (2001): 393-409.";m2 and m3 found not m1;;;
Myxomygale asiaprima;1.92;2;1;1;;"Lopatin, A. V. ""Early Miocene small mammals from the North Aral region (Kazakhstan) with special reference to their biostratigraphic significance."" (2004).";;;;
Nakunodon paikasiensis;;;;;;"Yadagiri, P. ""An amphidontid symmetrodont from the Early Jurassic Kota Formation, India."" Zoological Journal of the Linnean Society 85.4 (1985): 411-417.";M1 found not m1;;;
Nakusia shahrigensis;11.2;15.45;1;1;;"Ginsburg, Léonard, et al. ""Discovery of a new Anthracobunidae (Tethytheria, Mammalia) from the lower Eocene lignite of the Kach-Harnai area in Baluchistan (Pakistan)."" Comptes Rendus de l'Académie des Sciences-Series IIA-Earth and Planetary Science 328.3 (1999): 209-213.";;;;
Nalacetus ratimitus;;;;;;;paper not available;;;
Nalameryx savagei;;;;;;;paper not available;;;
Nalameryx sulaimani;7.83;4.74;1;1;;"Métais, Grégoire, Jean-Loup Welcomme, and Stéphane Ducrocq. ""New lophiomerycid ruminants from the Oligocene of the Bugti Hills (Balochistan, Pakistan)."" Journal of Vertebrate Paleontology 29.1 (2009): 231-241.";;;;
Nanlingilambda chijiangensis;;;;;;;paper not found;;;
Nanlingilambda datangensis;7.3;4.9;1;1;;"HUANG XueShi, ZHENGJiaJian. ""Note on two new mammalian species from the late Paleocene of Nanxiong, Guangdong."" Vertebrata PalAsiatica 41.04 (2003): 271.";;;;
Nanolestes mackennai;;;;;;"Martin, Thomas, Alexander O. Averianov, and Hans-Ulrich Pfretzschner. ""Mammals from the late jurassic Qigu formation in the southern junggar basin, Xinjiang, northwest China."" Palaeobiodiversity and Palaeoenvironments 90 (2010): 295-319.";m1 not found;;;
Nemegtbaatar gobiensis;;;;;;Kielan-Jaworowska, Zofia. Multituberculate Succession in the Late Cretaceuos of the Gobi Desert Mongolia. Krakow, 1974.;upper molars found not lower;;;
Neochorlakkia myaingensis;;;;;;"SEVASTJANOVA, I., et al. ""ROGER, F., SCHÄRER, U., BERGMAN, S., TAPPONNIER, P., LACASSIN, R., LELOUP, H., REPLUMAZ, A. 1999. Emplacement ages of subduc-tion and collision-related granitic magmas along the Shan Escarp-ment, Central Burma. European Geosciences Union, EUG10, 28 March–1 April 1999, Strasbourg. Journal of Conference."" Introduction to the geology of Myanmar 107 (2017): 757.";m2 and m3 found not m1;;;
Nesomomys bunodens;;;;;to measure;"Beard, K. Christopher, et al. ""An omomyid primate from the Pontide microcontinent of north-central Anatolia: Implications for sweepstakes dispersal of terrestrial mammals during the Eocene."" Geobios 66 (2021): 143-152.";measure from picture;;;
Nessovbaatar multicostatus;;;;;;;m1 not found;;;
Neurogymnurus indricotherii;2.7;1.75;1;1;;"Lopatin, A. V. ""Oligocene and early miocene insectivores (Mammalia) from Western Kazakhstan."" PALEONTOLOGICAL JOURNAL C/C OF PALEONTOLOGICHESKII ZHURNAL 33 (1999): 182-191.";;;;
Nimravus intermedius;21.25;7.57;1;1;;"Peigné, Stéphane. ""Systematic review of European Nimravinae (Mammalia, Carnivora, Nimravidae) and the phylogenetic relationships of Palaeogene Nimravidae."" Zoologica Scripta 32.3 (2003): 199-229.";;;;
Notomeryx besensis;7.56;5.01;12;12;;"Jian-Wei, G. U. O., Q. I. Tao, and S. H. E. N. G. Hong-Jie. ""A restudy of the Eocene ruminants from Baise and Yongle Basins, Guangxi, China, with a discussion of the systematic positions of Indomeryx, Notomeryx, Gobiomeryx and Prodremotherium."" Vertebrata PalAsiatica 37.01 (1999): 18.";;;;
Notomeryx major;;;;;;"Jian-Wei, G. U. O., Q. I. Tao, and S. H. E. N. G. Hong-Jie. ""A restudy of the Eocene ruminants from Baise and Yongle Basins, Guangxi, China, with a discussion of the systematic positions of Indomeryx, Notomeryx, Gobiomeryx and Prodremotherium."" Vertebrata PalAsiatica 37.01 (1999): 18.";m1 isnt preserved;;;
Nuryctes alayensis;1.1;0.7;1;1;;"Lopatin, A. V., and A. O. Averianov. ""New Palaeoryctidae (Mammalia) from the Eocene of Kyrgyzstan and Mongolia."" (2004).";;;;
Obashtakaia aeruginis;;;;;;;paper not found;;;
Obergfellia occidentalis;;;;;;;doesn’t have m1 measurement;;;
Oboia argillaceous;;;;;;;paper not found;;;
Odoichoerus uniconus;;;;;;;paper not found;;;
Oligodelphis azerbajdzanicus;;;;;;;paper not found;;;
Oligopithecus rogeri;;;;;;;m1 not found;;;
Oligotarsius rarus;;;;;;;m1 not found;;;
Omanitherium dhofarensis;;;;;;;paper not found;;;
Omanodon minor;;;;;;;m1 not found;;;
Orhaniyeia nauta;4.72;3.19;1;1;;"Métais, Grégoire, et al. ""Eocene metatherians from Anatolia illuminate the assembly of an island fauna during Deep Time."" PloS one 13.11 (2018): e0206181.";;;;
Orientictis spanios;;;;;;;paper not found;;;
Ortalestes tostak;;;;;;;paper not found;;;
Ottomania proavita;21.63;17.61;32;31;;"Bruijn, Hans de. ""A rodent assemblage from the Eo/Oligocene boundary internal near Süngülü, Lesser Caucasus, Turkey: Una asociación de roedores del tránsito Eoceno/Oligoceno próxima a Süngülü, Lesser Caucasus, Turkey."" Coloquios de Paleontología 1 (2003): 47.";;;;
Oxlestes grandis;;;;;;;m1 not found;;;
Oxynocricetodon leptaleos;;;;;;;paper not found;;;
Paalitherium gurki;;;;;;"Métais, Grégoire, Bastien Mennecart, and Ghazala Roohi. ""A new assemblage of stem pecoran ruminants from the Oligocene Chitarwata Formation, Bugti Hills, Baluchistan, Pakistan: Paleoenvironmental and paleobiogeographic implications."" Journal of Asian Earth Sciences 136 (2017): 40-49.";m2 found ;;;
Paenanthracotherium strategus;;;;;;;m1 not found;;;
Pahelia mysteriosa;;;;;;;m1 not found;;;
Pakibune chorlakkiensis;;;;;;;m1 not found;;;
Pakicetus calcis;17.34;14.33;1;1;;"Cooper, Lisa Noelle, J. G. M. Thewissen, and S. T. Hussain. ""New middle eocene archaeocetes (Cetacea: Mammalia) from the Kuldana formation of northern Pakistan."" Journal of Vertebrate Paleontology 29.4 (2009): 1289-1299.";;;;
Pakicetus chittas;21.4;7.8;1;1;;"Cooper, Lisa Noelle, J. G. M. Thewissen, and S. T. Hussain. ""New middle eocene archaeocetes (Cetacea: Mammalia) from the Kuldana formation of northern Pakistan."" Journal of Vertebrate Paleontology 29.4 (2009): 1289-1299.";;;;
Pakicetus inachus;NA;7.9;;;;;length missing;;;
Pakilestes lathrius;1.3;0.99;;;;;;;;
Pakitherium shagalai;;;;;;;m1 not detected;;;
Pakkokuhyus lahirii;;;;;;;paper not found;;;
Pakotitanops latidentatus;;;;;;;m1 not detected;;;
Palaeoamasia kansui;24.2;17.22;;;;;;;;
Palaeocastor nebrascensis;;;;;;;paper not found;;;
Palaeohodites naduensis;4.22;3.21;;;;;;;;
Palaeohypsodontus zinensis;;;;;;;m1 not found;;;
Palasiodon siurenensis;;;;;;;paper not found;;;
Panobius afridi;;;;;;;paper not found;;;
Panobius amplior;;;;;;;m1 not present;;;
Panobius russelli;;;;;;;paper not found;;;
Pappaceras minuta;;;;;;;paper not found;;;
Pappictidops acies;;;;;;;paper not found;;;
Pappictidops obtusus;;;;;;;paper not found;;;
Pappocricetodon kazakstanicus;1.40;1.10;;;;;;;;
Parabrontops lunanensis;;;;;;;paper not found;;;
Parabunodon anatolicum;;;;;;;paper not found;;;
Paraceratherium asiaticum;;;;;;;m1 not found;;;
Paraceratherium bugtiense;;;;;;;m1 not found;;;
Paracricetodon dehmi;2.03;1.45;;;;;;;;
Paracricetodon wentgesi;15.99;10.98;;;;;;;;
Paracricetops virgatoincisus;2.12;1.53;;;;;;;;
Paramys obailensis;;;;;;;paper not found;;;
Paranyctoides quadrans;1.66;1.15;;;;;;;;
Paratritemnodon indicus;6.5;3.0;;;;;;;;
Paratritemnodon jandewalensis;12.4;7.2;;;;;;;;
Parazhelestes robustus;;;;;;;m1 not detected;;;
Parvocristes oligocollis;;;;;;;m1 not found;;;
Pataecops minutissimus;;;;;;;m1 not found;;;
Patriocetus kazakhstanicus;;;;;;;m1 not found;;;
Paukkaungia parva;3.59;2.45;;;;"Beard, K. Christopher, et al. ""New sivaladapid primates from the Eocene Pondaung Formation of Myanmar and the anthropoid status of Amphipithecidae."" Bulletin of Carnegie Museum of Natural History 2007.39 (2007): 67-76.";;;;
Paukkaungmeryx minutus;4.5;2.2;;;;;;;;
Peratherium africanus;1.75;1.17;;;;"Simons, Elwyn L., and Thomas M. Bown. ""A new species of Peratherium (Didelphidae; Polyprotodonta): the first African marsupial."" Journal of Mammalogy 65.4 (1984): 539-548.";;;;
Perissobune intizarkhani;11.60;7.97;;;;"Missiaen, Pieter, and Philip D. Gingerich. ""New basal Perissodactyla (Mammalia) from the lower Eocene Ghazij formation of Pakistan."" (2014).";;;;
Perissobune munirulhaqi;11.60;7.98;;;;"Missiaen, Pieter, and Philip D. Gingerich. ""New basal Perissodactyla (Mammalia) from the lower Eocene Ghazij formation of Pakistan."" (2014).";;;;
Petrolemur brevirostre;;;;;;;paper not found;;;
Phileosimias brahuiorum;;;;;;;lower molars not found;;;
Phileosimias kamali;;;;;;;m1 not found;;;
Philisis sevketi;;;;;;;m1 not availble;;;
Phiomys andrewsi;;;;;;;paper not availble;;;
Plesiocolopirus grangeri;;;;;;;paper doesn’t have its full name, just first namme;;;
Plesiocolopirus kushiroensis;;;;;;;paper doesn’t have its full name, just first namme;;;
Plesiosminthus tereskentensis;;;;;;;m1 not found;;;
Pondaungia cotteri;;;;;;;m1 not found;;;
Pondaungia minuta;;;;;;;m1 not found;;;
Pondaungimys anomaluropsis;;;;;;;m1 not found;;;
Proansomys daxnerae;;;;;;;m1 not found;;;
Probathyopsis sinyuensis;;;;;;;paper not found;;;
Probrachyodus panchiaoensis;;;;;;;paper not found;;;
Prodremotherium trepidum;;;;;;;paper not found;;;
Progenitohyus thailandicus;10.5;6.8;;;;"Ducrocq, Stéphane, et al. ""First discovery of Helohyidae (Artiodactyla, Mammalia) in the Late Eocene of Thailand: a possible transitional form for Anthracotheriidae."" Comptes Rendus de l'Académie des Sciences-Series IIA-Earth and Planetary Science 325.5 (1997): 367-372.";;;;
Propalaeocastor kumbulakensis;;;;;;;paper not accessible;;;
Propalaeocastor schokensis;;;;;;;paper not accessible;;;
Propalaeocastor shevyrevae;;;;;;;paper not accessible;;;
Propliopithecus haeckeli;;;;;;;paper not found;;;
Propterodon panganensis;5.6;4.2;;;;"de Bonis, Louis, et al. ""New hyaenodonta (Mammalia) from the middle Eocene of Myanmar."" Comptes Rendus Palevol 17.6 (2018): 357-365.";;;;
Protaceratherium albigense;;;;;;;paper not found;;;
Protapirus gromovae;;;;;;;paper not found;;;
Protogalericius averianovi;;;;;;;m1 not detected;;;
Protomoropus hengyangensis;;;;;;;paper not found;;;
Protonycteris gunnelli;;;;;;;lower molar not found;;;
Protosiren eothene;;;;;;;m1 not detected;;;
Protosiren sattaensis;;;;;;;molars not found;;;
Pseudanisonchus antelios;;;;;;;paper includes m1 not found;;;
Pseudocricetodon moguntiacus;;;;;;;paper not found;;;
Pseudocricetodon montalbanensis;1.24;0.83;25;25;;"Markovi?, Zoran, et al. ""Pseudocricetodontinae (Mammalia, Rodentia) from the Paleogene of south-east Serbia."" Palaeobiodiversity and Palaeoenvironments 100.1 (2020): 251-267.";;;;
Pseudocricetodon nawabi;;;;;;;lower molar not found;;;
Pseudocricetodon philippi;;;;;;;paper not found;;;
Pseudoparatalpa lavroi;21.9;14.9;1;1;;"Bendukidze, OLEG G., H. de Bruijn, and L. W. Van den Hoek Ostende. ""A revision of Late Oligocene associations of small mammals from the Aral Formation (Kazakhstan) in the National Museum of Georgia, Tbilissi."" Palaeodiversity 2 (2009): 343-377.";;;;
Pseudoparatalpa shevyrevae;;;;;;;m1 not found;;;
Pseudotribos robustus;;;;;;;m1 not availble;;;
Ptilocercus kylin;;;;;;;m1 not found;;;
Pygmaetitan panxianensis;;;;;;;paper not found;;;
Qaisracetus arifi;22.2;22;1;1;;"Gingerich, Philip D., et al. ""Eocene stratigraphy and archeocete whales (Mammalia, Cetacea) of Drug Lahar in the eastern Sumalian Range, Balochistan (Pakistan)."" (2001).";;;;
Qianohippus magicus;;;;;to measure;"Bai, Bin. ""Eocene Pachynolophinae (Perissodactyla, Palaeotheriidae) from China, and their palaeobiogeographical implications."" Palaeontology 60.6 (2017): 837-852.";measure from picture;;;
Quettacyon parachai;9.4;16.3;1;1;;"Gingerich, Philip D., S. Ghazanfar Abbas, and Muhammad Arif. ""Early Eocene Quettacyon parachai (Condylarthra) from the Ghazij Formation of Baluchistan (Pakistan): oldest Cenozoic land mammal from South Asia."" Journal of Vertebrate Paleontology 17.4 (1997): 629-637.";Estimated;;;
Rajouria gunnelli;8.5;9.26;4;4;;"Rana, Rajendra Singh, et al. ""A new basal raoellid artiodactyl (Mammalia) from the middle Eocene Subathu Group of Rajouri District, Jammu and Kashmir, northwest Himalaya, India."" Geobios 66 (2021): 193-206.";;;;
Remingtonocetus domandaensis;33.8;11;1;1;;"Gingerich, Philip D., et al. ""Eocene stratigraphy and archeocete whales (Mammalia, Cetacea) of Drug Lahar in the eastern Sumalian Range, Balochistan (Pakistan)."" (2001).";;;;
Remingtonocetus harudiensis;;;;;;;paaper not found;;;
Repenomamus robustus;;;;;;;paper not accessible;;;
Rhombomylus nitidulus;;;;;;;paper not found;;;
Rodhocetus balochistanensis;;;;;;;lower molars not detected;;;
Rodhocetus kasranii;;;;;;;m1 not found;;;
Rugosodon eurasiaticus;;;;;;;m1 not detected;;;
Saadanius hijazensis;;;;;;"Zalmout, Iyad S., et al. ""New Oligocene primate from Saudi Arabia and the divergence of apes and Old World monkeys."" Nature 466.7304 (2010): 360-364.";m1 not detected;;;
Saghatherium bowni;;;;;;;paper not found;;;
Sahnitherium rangapurensis;;;;;;;lower molar not found;;;
Sanshuilophus zhaoi;21.0;13.6;1;1;;"Mao, Fang-Yuan, et al. ""New records of archaic ungulates from the Lower Eocene of Sanshui Basin, Guangdong, China."" Historical Biology 28.6 (2016): 787-802.";;;;
Sastrilophus dehmi;;;;;;;lower molar not found;;;
Sazlestes tis;;;;;;"Nessov, L. A. ""Nemorskie pozvonochnye melovogo perioda Severnoy Evrazii [Cretaceous nonmarine vertebrates of Northern Eurasia]."" Saint Petersburg State University, Institute of Earth Crust, Saint Petersburg (1997).";paper not found;;;
Schizotherium chucuae;;;;;;;m1 not known, m3 found;;;
Seia shahi;;;;;;;lower molar not found;;;
Shalbaatar bakht;;;;;;;paper not found;;;
Sharamynodon kirghisensis;;;;;;;lower molar not found;;;
Shuotherium shilongi;;;;;;;lower molar not found;;;
Siamochoerus banmarkensis;10.9;15.5;1;1;;"Ducrocq, Stéphane. ""The earliest known pig from the upper Eocene of Thailand."" Palaeontology 41.1 (1998): 147.";;;;
Siamochoerus viriosus;11.7;12.9;4;3;;"Li-Ping, Liu. ""EOCENE SUOIDS (ARTIODACTYLA, MANMALIA) FROM BOSE AND YONGLE BASINS, CHINA, AND THE CLASIFICATION AND EVOLUTION OF THE PALEOGENE SUOIDS."" Vertebrata PalAsiatica 39.02 (2001): 115.";;;;
Siamolophus krabiense;;;;;;;lower molar not found;;;
Siamopithecus eocaenus;;;;;;;m1 not found;;;
Siamosorex debonisi;4.65;2.50;3;3;;"Peigné, Stéphane, et al. ""An astonishing example of convergent evolution toward carnivory: Siamosorex debonisi n. gen., n. sp.(Mammalia, Lipotyphla, Soricomorpha, Plesiosoricidae) from the latest Oligocene of Thailand."" Geodiversitas 31.4 (2009): 973-992.";;;;
Siamotherium krabiense;;;;;;;m1 not found;;;
Sineleutherus uyguricus;;;;;;;m1 not found;;;
Sinobaatar lingyuanensis;;;;;;;paper unacessible;;;
Sinobaatar xiei;1.71;1.4;9;8;;"Kusuhashi, Nao, et al. ""Two Eobaatarid (Multituberculata; Mammalia) genera from the Lower Cretaceous Shahai and Fuxin Formations, northeastern Chinau."" Journal of Vertebrate Paleontology 29.4 (2009): 1264-1288.";;;;
Sinodelphys szalayi;;;;;;;m1 not found;;;
Sinolagomys pachygnathus;;;;;;"Li, Chuan-Kuei, and Zhuding Qiu. ""Early Miocene mammalian fossils of the Xining basin, Qinghzai Province."" Vertebrata palasiatica= Gu jichui dongwu xuebao 18.3 (1980): 1.";m1 not found;;;
Sivameryx palaeindicus;;;;;;;upper molars measured not lower;;;
Sivatitanops cotteri;;;;;;;paper not found;;;
Skopaiolophus burmese;;;;;;;m2 and m3 discussed not m1;;;
Sorlestes mifunensis;2.6;3.45;1;1;;"Setoguchi, Takeshi, et al. ""An early Late Cretaceous mammal from Japan, with reconsideration of the evolution of tribosphenic molars."" Paleontological Research 3.1 (1999): 18-28.";;;;
Sororocyon usmanii;;;;;;;paper not found;;;
Squalodon barbarus;;;;;;;paper not found;;;
Stenanagale xiangensis;;;;;;;paper not found;;;
Steneofiber depereti;5.77;5.62;21;18;;"Mörs, Thomas, and Clara Stefen. ""The castorid Steneofiber from NW Germany and its implications for the taxonomy of Miocene beavers."" Acta Palaeontologica Polonica 55.2 (2010): 189-198.";;;;
Stenomeryx bahinensis;4.43;2.33;3;3;;"Ducrocq, Stéphane, et al. ""New basal ruminants from the Eocene of the Pondaung Formation, Myanmar."" Journal of Vertebrate Paleontology 39.6 (2019): e1722682.";;;;
Stenostylops xiangensis;;;;;;;paper not found;;;
Stromerius nidensis;;;;;;;paper is about bone measurements, havent discussed tooth;;;
Subathumys globulus;;;;;;;m2 found not m1;;;
Subathumys solanorius;;;;;;;M1 not m1;;;
Suevosciurus ehingensis;;;;;;;m1 not found;;;
Suevosciurus fraasi;;;;;;;paper not found;;;
Sulaimanius arifi;;;;;;;M1 found not m1;;;
Sulestes karakshi;1.9;2;2;2;;"Averianov, Alexander O., J. David Archibald, and Eric G. Ekdale. ""New material of the Late Cretaceous deltatheroidan mammal Sulestes from Uzbekistan and phylogenetic reassessment of the metatherian-eutherian dichotomy."" Journal of Systematic Palaeontology 8.3 (2010): 301-330.";;;;
Sungulusimias unayae;;;;;;;m2 found not m1;;;
Suratilestes gingerichi;1.33;0.60;1;1;;"Bajpai, Sunil, et al. ""Early Eocene land mammals from the Vastan lignite mine, district Surat (Gujarat), Western India."" Journal of the Palaeontological Society of India 50.1 (2005): 101-113.";;;;
Symplokeomys zaysanicus;1.86;1.75;1;1;;"Emry, Robert J., et al. ""A late Eocene eomyid rodent from the Zaysan Basin of Kazakhstan."" Journal of Vertebrate Paleontology 17.1 (1997): 229-234.";;;;
Tachyoryctoides glikmani;;;;;;;paper not found   ;;;
Takracetus simus;;;;;;"Gingerich, Philip D., Muhammad Arif, and William C. Clyde. ""New Archaeocetes (Mammalia, Cetacea) from the Middle Eocene Domanda Formation of Sulaiman Range, Punjab (Pakistan)."" (1995).";doesn’t have m1 measurement;;;
Talahphiomys lavocati;;;;;;"Jaeger, Jean-Jacques, et al. ""New rodent assemblages from the Eocene Dur At-Talah escarpment (Sahara of central Libya): systematic, biochronological, and palaeobiogeographical implications."" Zoological Journal of the Linnean Society 160.1 (2010): 195-213.";lower molar not found;;;
Tamquammys tantillus;;;;;;;paper not found on google scholar;;;
Tedoribaatar reini;;;;;;"Kusuhashi, Nao. ""Early Cretaceous multituberculate mammals from the Kuwajima formation (Tetori group), central Japan."" Acta Palaeontologica Polonica 53.3 (2008): 379-390.";doesn’t have lower molar preserved;;;
Teilhardina asiatica;;;;;to measure;"Ni, Xijun, et al. ""A euprimate skull from the early Eocene of China."" Nature 427.6969 (2004): 65-68.";measure from picture;;;
Teleolophus daviesi;;;;;;;paper not found on google scholar;;;
Teleolophus zaisanicus;;;;;;;paper not found on google scholar;;;
Tenisia turgaica;29.1;23.6;6;6;;"Reshetov, Valeri, Nikolai Spassov, and Bolat Baishashov. ""Tenisia gen. nov.: taxonomic revaluation of the Asian Oligocene rhinocerotoid Eggysodon turgacum (Borissiak, 1915)(Mammalia, Perissodactyla, Hyracodontidae)."" Geobios 26.6 (1993): 715-722.";;;;
Thyrohyrax meyeri;;;;;;;paper not found on google scholar;;;
Tikitherium copei;;;;;;"Datta, P. M. ""Earliest mammal with transversely expanded upper molar from the Late Triassic (Carnian) Tiki Formation, South Rewa Gondwana Basin, India."" Journal of Vertebrate Paleontology 25.1 (2005): 200-207.";doesn’t have lower jaw but upper molar discussed;;;
Tombaatar sabuli;;;;;;;doesn’t have m1, its upper part of skull that have been discussed;;;
Trakymys saratji;;;;;;;paoer not found;;;
Trishulotherium kotaensis;;;;;;;couldn’t get access to paper, doesn’t have doi as well;;;
Tsagandelta dashzevegi;;;;;;;m1 not found;;;
Ulkenulastomys abrotos;;;;;;;m1 not found;;;
Uzbekbaatar kizylkumensis;;;;;;;m1 not found;;;
Uzbekbaatar wardi;;;;;;;m1 not found;;;
Vastania sahnia;1.11;0.66;1;1;;"Bajpai, Sunil, et al. ""Early Eocene land mammals from the Vastan lignite mine, district Surat (Gujarat), Western India."" Journal of the Palaeontological Society of India 50.1 (2005): 101-113.";;;;
Vastanolophus holbrooki;8.51;5.41;1;1;;"Smith, Thierry, et al. ""First early Eocene tapiroid from India and its implication for the paleobiogeographic origin of perissodactyls."" Palaeovertebrata 39.2 (2015): e5.";;;;
Vastanomys gracilis;;;;;;;m1 not found;;;
Vastanomys major;;;;;;;m1 not found;;;
Veragromovia desmatotheroides;;;;;;;paper not found on google scholar;;;
Volaticotherium antiquus;;;;;;"Meng, Jin, et al. ""A Mesozoic gliding mammal from northeastern China."" Nature 444.7121 (2006): 889-893.";doesn’t have m1, reconstructed jaws and teeth;;;
Voltaia minuta;;;;;;;paper not found on google scholar;;;
Wailekia orientale;;;;;;"Ducrocq, Stéphane, et al. ""New primate from the Palaeogene of Thailand, and the biogeographical origin of anthropoids."" Journal of Human Evolution 28.5 (1995): 477-485.";measure from picture;;;
Wakkamys hartenbergeri;;;;;;discussed  upper molar not lower;;;;
Witenia flava;27.3;20.8;2;2;;"Bruijn, Hans de. ""A rodent assemblage from the Eo/Oligocene boundary internal near Süngülü, Lesser Caucasus, Turkey: Una asociación de roedores del tránsito Eoceno/Oligoceno próxima a Süngülü, Lesser Caucasus, Turkey."" Coloquios de Paleontología 1 (2003): 47.";;;;
Witenia fusca;27.3;20.8;2;2;;"Bruijn, Hans de. ""A rodent assemblage from the Eo/Oligocene boundary internal near Süngülü, Lesser Caucasus, Turkey: Una asociación de roedores del tránsito Eoceno/Oligoceno próxima a Süngülü, Lesser Caucasus, Turkey."" Coloquios de Paleontología 1 (2003): 47.";;;;
Xinyuictis tenuis;;;;;;;paper not found on google scholar;;;
Yamatocetus canaliculatus;;;;;;;doesn’t have m1 measurement and pic;;;
Yanoconodon allini;;;;;;;doesn’t have m1 measurement , they just have reconstruction of specie and labeled m1,;;;
Yarshea cruenta;12.26;12.63;1;1;;"Egi, Naoko, et al. ""A new genus and species of hyaenodontid creodont from the Pondaung Formation (Eocene, Myanmar)."" Journal of Vertebrate Paleontology 24.2 (2004): 502-506.";;;;
Yindirtemys sajakensis;;;;;;;onlt first name found in papers not the whole name;;;
Youngomys pisinnus;;;;;;;paper not found on google scholar;;;
Youngomys yunnanensis;;;;;;;paper not found on google scholar;;;
Yubaatar qianzhouensis;;;;;;;m1 not found;;;
Yuelophus validus;;;;;;;paper not found on google scholar;;;
Yunnanadapis folivorus;;;;;;;paper found but doesn’t have m1 measurement;;;
Yunnanadapis imperator;;;;;;;paper found but doesn’t have m1 measurement;;;
Yuodon protoselenoides;;;;;;;pbdb paper not found;;;
Yuomys yunnanensis;;;;;;;pbdb paper not found;;;
Zaisanamynodon protheroi;50.4;31.3;6;7;;"Spencer, G. L. ""A new amynodontid (mammalia, perissodactyla) from the Eocene Clarno Formation, Oregon, and its biochronological signifi cance."" Paleobios. Museum of Paleontology, Berkeley 26.2 (2006): 7.";;;;
Zalambdalestes lechei;;;;;;"Wible, John R., Michael J. Novacek, and Guillermo W. Rougier. ""New data on the skull and dentition in the Mongolian Late Cretaceous eutherian mammal Zalambdalestes."" Bulletin of the American Museum of Natural History 2004.281 (2004): 1-144.";m1 doesn’t preserve well;;;
Zhalmouzia bazhanovi;;;;;to measure;"Averianov, Alexander, J. David Archibald, and Gareth J. Dyke. ""A new eutherian mammal from the Late Cretaceous of Kazakhstan."" Acta Palaeontologica Polonica 59.3 (2012): 537-542.";measure from picture;;;
Zhujegale jintangensis;;;;;;;paper not found on google scholar;;;
Zhujegale lirenensis;;;;;;;paper not found on google scholar;;;
Zhungaromys gromovi;1.70;1.25;1;1;;"Emry, Robert J., et al. ""Rodents of the middle Eocene Shinzhaly fauna of Eastern Kazakstan."" Journal of Vertebrate Paleontology 18.1 (1998): 218-227.";;;;
Zindapiria quadricollis;;;;;;"Flynn, Lawrence J., and Iqbal Umer Cheema. ""Baluchimyine rodents from the Zinda Pir Dome, western Pakistan: systematic and biochronologic implications."" National science museum monographs 8 (1994): 115-129.";paper not found on google scholar;;;
